2026.03.02 13:00:25 INFO  Started: Metals version 1.6.5 in folders 'C:\Users\sman5\Desktop\Java\Interface' for client Visual Studio Code 1.109.5.
2026.03.02 13:00:25 INFO  Memory monitor started
2026.03.02 13:00:26 WARN  Using H2 2.4.240 which is newer than the version Flyway has been verified with. The latest verified version of H2 is 2.3.232.
2026.03.02 13:00:27 INFO  no build target found for C:\Users\sman5\Desktop\Java\Interface\src\LaunchInterface1.java. Using fallback presentation compiler.
2026.03.02 13:00:27 WARN  no build tool detected in workspace 'C:\Users\sman5\Desktop\Java\Interface'. The most common cause for this problem is that the editor was opened in the wrong working directory, for example if you use sbt then the workspace directory should contain build.sbt. 
2026.03.02 13:00:27 WARN  Build server is not auto-connectable.
2026.03.02 13:00:28 WARN  no build target for: C:\Users\sman5\Desktop\Java\Interface\src\LaunchInterface1.java
2026.03.02 13:00:28 INFO  no build target found for C:\Users\sman5\Desktop\Java\Interface\src\LaunchInterface1.java. Using fallback presentation compiler.
2026.03.02 13:00:35 INFO  no build target found for C:\Users\sman5\Desktop\Java\Interface\src\LaunchInterface1.java. Using fallback presentation compiler.
2026.03.02 13:00:35 INFO  no build target found for C:\Users\sman5\Desktop\Java\Interface\src\LaunchInterface1.java. Using fallback presentation compiler.
2026.03.02 13:00:35 INFO  no build target found for C:\Users\sman5\Desktop\Java\Interface\src\LaunchInterface1.java. Using fallback presentation compiler.
2026.03.02 13:00:35 INFO  no build target found for C:\Users\sman5\Desktop\Java\Interface\src\LaunchInterface1.java. Using fallback presentation compiler.
2026.03.02 13:00:35 INFO  no build target found for C:\Users\sman5\Desktop\Java\Interface\src\LaunchInterface1.java. Using fallback presentation compiler.
2026.03.02 13:00:36 WARN  no build target for: C:\Users\sman5\Desktop\Java\Interface\src\LaunchInterface1.java
2026.03.02 13:00:36 WARN  Running javac-semanticdb failed for file:///C:/Users/sman5/Desktop/Java/Interface/src/LaunchInterface1.java. Output:

2026.03.02 13:00:36 INFO  no build target found for C:\Users\sman5\Desktop\Java\Interface\src\LaunchInterface1.java. Using fallback presentation compiler.
2026.03.02 13:00:36 INFO  Created report: Optional[file:///C:/Users/sman5/Desktop/Java/Interface/src/LaunchInterface1.java]
2026.03.02 13:00:36 INFO  QDox parse error in file:///C:/Users/sman5/Desktop/Java/Interface/src/LaunchInterface1.java (full report at: "C:\Users\sman5\Desktop\Java\Interface\.metals\.reports\metals-full\2026-03-02\r_qdox-error_13-00-36-123.md")
2026.03.02 13:00:36 INFO  no build target found for C:\Users\sman5\Desktop\Java\Interface\src\LaunchInterface1.java. Using fallback presentation compiler.
2026.03.02 13:00:36 INFO  no build target found for C:\Users\sman5\Desktop\Java\Interface\src\LaunchInterface1.java. Using fallback presentation compiler.
2026.03.02 13:00:36 WARN  Running javac-semanticdb failed for file:///C:/Users/sman5/Desktop/Java/Interface/src/LaunchInterface1.java. Output:

2026.03.02 13:00:36 WARN  no build target for: C:\Users\sman5\Desktop\Java\Interface\src\LaunchInterface1.java
2026.03.02 13:00:36 INFO  no build target found for C:\Users\sman5\Desktop\Java\Interface\src\LaunchInterface1.java. Using fallback presentation compiler.
2026.03.02 13:01:21 INFO  no build target found for C:\Users\sman5\Desktop\Java\Interface\src\LaunchInterface1.java. Using fallback presentation compiler.
2026.03.02 13:01:21 INFO  no build target found for C:\Users\sman5\Desktop\Java\Interface\src\LaunchInterface1.java. Using fallback presentation compiler.
2026.03.02 13:01:22 INFO  no build target found for C:\Users\sman5\Desktop\Java\Interface\src\LaunchInterface1.java. Using fallback presentation compiler.
2026.03.02 13:01:22 INFO  no build target found for C:\Users\sman5\Desktop\Java\Interface\src\LaunchInterface1.java. Using fallback presentation compiler.
2026.03.02 13:01:22 INFO  no build target found for C:\Users\sman5\Desktop\Java\Interface\src\LaunchInterface1.java. Using fallback presentation compiler.
2026.03.02 13:01:22 INFO  no build target found for C:\Users\sman5\Desktop\Java\Interface\src\LaunchInterface1.java. Using fallback presentation compiler.
2026.03.02 13:01:23 INFO  no build target found for C:\Users\sman5\Desktop\Java\Interface\src\LaunchInterface1.java. Using fallback presentation compiler.
2026.03.02 13:01:23 INFO  no build target found for C:\Users\sman5\Desktop\Java\Interface\src\LaunchInterface1.java. Using fallback presentation compiler.
2026.03.02 13:01:24 WARN  no build target for: C:\Users\sman5\Desktop\Java\Interface\src\LaunchInterface1.java
2026.03.02 13:01:24 INFO  no build target found for C:\Users\sman5\Desktop\Java\Interface\src\LaunchInterface1.java. Using fallback presentation compiler.
2026.03.02 13:01:24 INFO  no build target found for C:\Users\sman5\Desktop\Java\Interface\src\LaunchInterface1.java. Using fallback presentation compiler.
2026.03.02 13:01:25 INFO  no build target found for C:\Users\sman5\Desktop\Java\Interface\src\LaunchInterface1.java. Using fallback presentation compiler.
2026.03.02 13:01:25 INFO  no build target found for C:\Users\sman5\Desktop\Java\Interface\src\LaunchInterface1.java. Using fallback presentation compiler.
2026.03.02 13:01:25 INFO  no build target found for C:\Users\sman5\Desktop\Java\Interface\src\LaunchInterface1.java. Using fallback presentation compiler.
2026.03.02 13:01:25 INFO  no build target found for C:\Users\sman5\Desktop\Java\Interface\src\LaunchInterface1.java. Using fallback presentation compiler.
2026.03.02 13:01:25 INFO  no build target found for C:\Users\sman5\Desktop\Java\Interface\src\LaunchInterface1.java. Using fallback presentation compiler.
2026.03.02 13:01:25 INFO  no build target found for C:\Users\sman5\Desktop\Java\Interface\src\LaunchInterface1.java. Using fallback presentation compiler.
2026.03.02 13:01:25 INFO  no build target found for C:\Users\sman5\Desktop\Java\Interface\src\LaunchInterface1.java. Using fallback presentation compiler.
Mar 02, 2026 1:01:25 PM org.eclipse.lsp4j.jsonrpc.RemoteEndpoint handleCancellation
WARNING: Unmatched cancel notification for request id 48
2026.03.02 13:01:25 INFO  no build target found for C:\Users\sman5\Desktop\Java\Interface\src\LaunchInterface1.java. Using fallback presentation compiler.
2026.03.02 13:01:25 INFO  no build target found for C:\Users\sman5\Desktop\Java\Interface\src\LaunchInterface1.java. Using fallback presentation compiler.
2026.03.02 13:01:26 INFO  no build target found for C:\Users\sman5\Desktop\Java\Interface\src\LaunchInterface1.java. Using fallback presentation compiler.
2026.03.02 13:01:25 INFO  no build target found for C:\Users\sman5\Desktop\Java\Interface\src\LaunchInterface1.java. Using fallback presentation compiler.
2026.03.02 13:01:26 INFO  no build target found for C:\Users\sman5\Desktop\Java\Interface\src\LaunchInterface1.java. Using fallback presentation compiler.
2026.03.02 13:01:26 INFO  no build target found for C:\Users\sman5\Desktop\Java\Interface\src\LaunchInterface1.java. Using fallback presentation compiler.
2026.03.02 13:01:26 INFO  no build target found for C:\Users\sman5\Desktop\Java\Interface\src\LaunchInterface1.java. Using fallback presentation compiler.
2026.03.02 13:01:26 WARN  no build target for: C:\Users\sman5\Desktop\Java\Interface\src\LaunchInterface1.java
2026.03.02 13:01:26 INFO  no build target found for C:\Users\sman5\Desktop\Java\Interface\src\LaunchInterface1.java. Using fallback presentation compiler.
2026.03.02 13:01:26 INFO  no build target found for C:\Users\sman5\Desktop\Java\Interface\src\LaunchInterface1.java. Using fallback presentation compiler.
2026.03.02 13:01:27 INFO  no build target found for C:\Users\sman5\Desktop\Java\Interface\src\LaunchInterface1.java. Using fallback presentation compiler.
2026.03.02 13:01:29 INFO  no build target found for C:\Users\sman5\Desktop\Java\Interface\src\LaunchInterface1.java. Using fallback presentation compiler.
2026.03.02 13:01:29 INFO  no build target found for C:\Users\sman5\Desktop\Java\Interface\src\LaunchInterface1.java. Using fallback presentation compiler.
2026.03.02 13:01:29 INFO  no build target found for C:\Users\sman5\Desktop\Java\Interface\src\LaunchInterface1.java. Using fallback presentation compiler.
2026.03.02 13:01:29 INFO  no build target found for C:\Users\sman5\Desktop\Java\Interface\src\LaunchInterface1.java. Using fallback presentation compiler.
2026.03.02 13:01:30 INFO  no build target found for C:\Users\sman5\Desktop\Java\Interface\src\LaunchInterface1.java. Using fallback presentation compiler.
2026.03.02 13:01:30 INFO  no build target found for C:\Users\sman5\Desktop\Java\Interface\src\LaunchInterface1.java. Using fallback presentation compiler.
2026.03.02 13:01:30 INFO  no build target found for C:\Users\sman5\Desktop\Java\Interface\src\LaunchInterface1.java. Using fallback presentation compiler.
2026.03.02 13:01:30 INFO  no build target found for C:\Users\sman5\Desktop\Java\Interface\src\LaunchInterface1.java. Using fallback presentation compiler.
2026.03.02 13:01:30 INFO  no build target found for C:\Users\sman5\Desktop\Java\Interface\src\LaunchInterface1.java. Using fallback presentation compiler.
2026.03.02 13:01:30 INFO  no build target found for C:\Users\sman5\Desktop\Java\Interface\src\LaunchInterface1.java. Using fallback presentation compiler.
2026.03.02 13:01:30 INFO  no build target found for C:\Users\sman5\Desktop\Java\Interface\src\LaunchInterface1.java. Using fallback presentation compiler.
2026.03.02 13:01:31 WARN  no build target for: C:\Users\sman5\Desktop\Java\Interface\src\LaunchInterface1.java
2026.03.02 13:01:31 INFO  no build target found for C:\Users\sman5\Desktop\Java\Interface\src\LaunchInterface1.java. Using fallback presentation compiler.
2026.03.02 13:01:31 INFO  no build target found for C:\Users\sman5\Desktop\Java\Interface\src\LaunchInterface1.java. Using fallback presentation compiler.
2026.03.02 13:01:31 INFO  no build target found for C:\Users\sman5\Desktop\Java\Interface\src\LaunchInterface1.java. Using fallback presentation compiler.
2026.03.02 13:01:32 WARN  Running javac-semanticdb failed for file:///C:/Users/sman5/Desktop/Java/Interface/src/LaunchInterface1.java. Output:

2026.03.02 13:01:32 INFO  no build target found for C:\Users\sman5\Desktop\Java\Interface\src\LaunchInterface1.java. Using fallback presentation compiler.
2026.03.02 13:01:31 INFO  no build target found for C:\Users\sman5\Desktop\Java\Interface\src\LaunchInterface1.java. Using fallback presentation compiler.
2026.03.02 13:01:32 WARN  Running javac-semanticdb failed for file:///C:/Users/sman5/Desktop/Java/Interface/src/LaunchInterface1.java. Output:

2026.03.02 13:01:32 INFO  no build target found for C:\Users\sman5\Desktop\Java\Interface\src\LaunchInterface1.java. Using fallback presentation compiler.
2026.03.02 13:01:32 INFO  no build target found for C:\Users\sman5\Desktop\Java\Interface\src\LaunchInterface1.java. Using fallback presentation compiler.
2026.03.02 13:01:32 WARN  no build target for: C:\Users\sman5\Desktop\Java\Interface\src\LaunchInterface1.java
2026.03.02 13:01:32 INFO  no build target found for C:\Users\sman5\Desktop\Java\Interface\src\LaunchInterface1.java. Using fallback presentation compiler.
2026.03.02 13:01:32 INFO  no build target found for C:\Users\sman5\Desktop\Java\Interface\src\LaunchInterface1.java. Using fallback presentation compiler.
2026.03.02 13:01:32 INFO  no build target found for C:\Users\sman5\Desktop\Java\Interface\src\LaunchInterface1.java. Using fallback presentation compiler.
2026.03.02 13:01:33 WARN  no build target for: C:\Users\sman5\Desktop\Java\Interface\src\LaunchInterface1.java
2026.03.02 13:01:32 INFO  no build target found for C:\Users\sman5\Desktop\Java\Interface\src\LaunchInterface1.java. Using fallback presentation compiler.
2026.03.02 13:01:37 INFO  no build target found for C:\Users\sman5\Desktop\Java\Interface\src\LaunchInterface1.java. Using fallback presentation compiler.
2026.03.02 13:01:37 INFO  no build target found for C:\Users\sman5\Desktop\Java\Interface\src\LaunchInterface1.java. Using fallback presentation compiler.
2026.03.02 13:01:37 INFO  no build target found for C:\Users\sman5\Desktop\Java\Interface\src\LaunchInterface1.java. Using fallback presentation compiler.
2026.03.02 13:01:37 INFO  no build target found for C:\Users\sman5\Desktop\Java\Interface\src\LaunchInterface1.java. Using fallback presentation compiler.
2026.03.02 13:01:38 INFO  no build target found for C:\Users\sman5\Desktop\Java\Interface\src\LaunchInterface1.java. Using fallback presentation compiler.
2026.03.02 13:01:37 INFO  no build target found for C:\Users\sman5\Desktop\Java\Interface\src\LaunchInterface1.java. Using fallback presentation compiler.
2026.03.02 13:01:37 INFO  no build target found for C:\Users\sman5\Desktop\Java\Interface\src\LaunchInterface1.java. Using fallback presentation compiler.
2026.03.02 13:01:38 INFO  no build target found for C:\Users\sman5\Desktop\Java\Interface\src\LaunchInterface1.java. Using fallback presentation compiler.
2026.03.02 13:01:37 INFO  no build target found for C:\Users\sman5\Desktop\Java\Interface\src\LaunchInterface1.java. Using fallback presentation compiler.
2026.03.02 13:01:38 WARN  no build target for: C:\Users\sman5\Desktop\Java\Interface\src\LaunchInterface1.java
2026.03.02 13:01:38 INFO  QDox parse error in file:///C:/Users/sman5/Desktop/Java/Interface/src/LaunchInterface1.java (full report at: "C:\Users\sman5\Desktop\Java\Interface\.metals\.reports\metals-full\2026-03-02\r_qdox-error_13-00-36-123.md")
2026.03.02 13:01:38 INFO  no build target found for C:\Users\sman5\Desktop\Java\Interface\src\LaunchInterface1.java. Using fallback presentation compiler.
2026.03.02 13:01:39 INFO  no build target found for C:\Users\sman5\Desktop\Java\Interface\src\LaunchInterface1.java. Using fallback presentation compiler.
2026.03.02 13:01:39 INFO  no build target found for C:\Users\sman5\Desktop\Java\Interface\src\LaunchInterface1.java. Using fallback presentation compiler.
2026.03.02 13:01:39 INFO  no build target found for C:\Users\sman5\Desktop\Java\Interface\src\LaunchInterface1.java. Using fallback presentation compiler.
2026.03.02 13:01:39 INFO  no build target found for C:\Users\sman5\Desktop\Java\Interface\src\LaunchInterface1.java. Using fallback presentation compiler.
2026.03.02 13:01:39 INFO  no build target found for C:\Users\sman5\Desktop\Java\Interface\src\LaunchInterface1.java. Using fallback presentation compiler.
2026.03.02 13:01:39 INFO  no build target found for C:\Users\sman5\Desktop\Java\Interface\src\LaunchInterface1.java. Using fallback presentation compiler.
2026.03.02 13:01:39 WARN  Running javac-semanticdb failed for file:///C:/Users/sman5/Desktop/Java/Interface/src/LaunchInterface1.java. Output:

2026.03.02 13:01:40 INFO  no build target found for C:\Users\sman5\Desktop\Java\Interface\src\LaunchInterface1.java. Using fallback presentation compiler.
2026.03.02 13:01:40 INFO  no build target found for C:\Users\sman5\Desktop\Java\Interface\src\LaunchInterface1.java. Using fallback presentation compiler.
2026.03.02 13:01:40 INFO  no build target found for C:\Users\sman5\Desktop\Java\Interface\src\LaunchInterface1.java. Using fallback presentation compiler.
2026.03.02 13:01:40 INFO  no build target found for C:\Users\sman5\Desktop\Java\Interface\src\LaunchInterface1.java. Using fallback presentation compiler.
2026.03.02 13:01:40 INFO  no build target found for C:\Users\sman5\Desktop\Java\Interface\src\LaunchInterface1.java. Using fallback presentation compiler.
2026.03.02 13:01:40 INFO  no build target found for C:\Users\sman5\Desktop\Java\Interface\src\LaunchInterface1.java. Using fallback presentation compiler.
2026.03.02 13:01:40 INFO  no build target found for C:\Users\sman5\Desktop\Java\Interface\src\LaunchInterface1.java. Using fallback presentation compiler.
2026.03.02 13:01:40 INFO  no build target found for C:\Users\sman5\Desktop\Java\Interface\src\LaunchInterface1.java. Using fallback presentation compiler.
2026.03.02 13:01:40 INFO  no build target found for C:\Users\sman5\Desktop\Java\Interface\src\LaunchInterface1.java. Using fallback presentation compiler.
2026.03.02 13:01:40 INFO  no build target found for C:\Users\sman5\Desktop\Java\Interface\src\LaunchInterface1.java. Using fallback presentation compiler.
2026.03.02 13:01:41 INFO  no build target found for C:\Users\sman5\Desktop\Java\Interface\src\LaunchInterface1.java. Using fallback presentation compiler.
2026.03.02 13:01:41 INFO  no build target found for C:\Users\sman5\Desktop\Java\Interface\src\LaunchInterface1.java. Using fallback presentation compiler.
2026.03.02 13:01:40 INFO  no build target found for C:\Users\sman5\Desktop\Java\Interface\src\LaunchInterface1.java. Using fallback presentation compiler.
2026.03.02 13:01:41 INFO  no build target found for C:\Users\sman5\Desktop\Java\Interface\src\LaunchInterface1.java. Using fallback presentation compiler.
2026.03.02 13:01:41 INFO  no build target found for C:\Users\sman5\Desktop\Java\Interface\src\LaunchInterface1.java. Using fallback presentation compiler.
2026.03.02 13:01:41 INFO  no build target found for C:\Users\sman5\Desktop\Java\Interface\src\LaunchInterface1.java. Using fallback presentation compiler.
2026.03.02 13:01:41 INFO  no build target found for C:\Users\sman5\Desktop\Java\Interface\src\LaunchInterface1.java. Using fallback presentation compiler.
2026.03.02 13:01:41 INFO  no build target found for C:\Users\sman5\Desktop\Java\Interface\src\LaunchInterface1.java. Using fallback presentation compiler.
2026.03.02 13:01:41 WARN  Running javac-semanticdb failed for file:///C:/Users/sman5/Desktop/Java/Interface/src/LaunchInterface1.java. Output:

2026.03.02 13:01:41 INFO  no build target found for C:\Users\sman5\Desktop\Java\Interface\src\LaunchInterface1.java. Using fallback presentation compiler.
2026.03.02 13:01:42 INFO  no build target found for C:\Users\sman5\Desktop\Java\Interface\src\LaunchInterface1.java. Using fallback presentation compiler.
2026.03.02 13:01:41 INFO  no build target found for C:\Users\sman5\Desktop\Java\Interface\src\LaunchInterface1.java. Using fallback presentation compiler.
2026.03.02 13:01:41 WARN  Running javac-semanticdb failed for file:///C:/Users/sman5/Desktop/Java/Interface/src/LaunchInterface1.java. Output:

2026.03.02 13:01:41 WARN  no build target for: C:\Users\sman5\Desktop\Java\Interface\src\LaunchInterface1.java
2026.03.02 13:01:42 INFO  no build target found for C:\Users\sman5\Desktop\Java\Interface\src\LaunchInterface1.java. Using fallback presentation compiler.
2026.03.02 13:01:44 INFO  no build target found for C:\Users\sman5\Desktop\Java\Interface\src\LaunchInterface1.java. Using fallback presentation compiler.
2026.03.02 13:01:44 INFO  no build target found for C:\Users\sman5\Desktop\Java\Interface\src\LaunchInterface1.java. Using fallback presentation compiler.
2026.03.02 13:01:44 INFO  no build target found for C:\Users\sman5\Desktop\Java\Interface\src\LaunchInterface1.java. Using fallback presentation compiler.
2026.03.02 13:01:44 INFO  no build target found for C:\Users\sman5\Desktop\Java\Interface\src\LaunchInterface1.java. Using fallback presentation compiler.
2026.03.02 13:01:44 WARN  no build target for: C:\Users\sman5\Desktop\Java\Interface\src\LaunchInterface1.java
2026.03.02 13:01:44 INFO  QDox parse error in file:///C:/Users/sman5/Desktop/Java/Interface/src/LaunchInterface1.java (full report at: "C:\Users\sman5\Desktop\Java\Interface\.metals\.reports\metals-full\2026-03-02\r_qdox-error_13-00-36-123.md")
2026.03.02 13:01:44 INFO  no build target found for C:\Users\sman5\Desktop\Java\Interface\src\LaunchInterface1.java. Using fallback presentation compiler.
2026.03.02 13:01:45 INFO  no build target found for C:\Users\sman5\Desktop\Java\Interface\src\LaunchInterface1.java. Using fallback presentation compiler.
2026.03.02 13:01:45 INFO  no build target found for C:\Users\sman5\Desktop\Java\Interface\src\LaunchInterface1.java. Using fallback presentation compiler.
2026.03.02 13:01:45 INFO  no build target found for C:\Users\sman5\Desktop\Java\Interface\src\LaunchInterface1.java. Using fallback presentation compiler.
2026.03.02 13:01:45 INFO  no build target found for C:\Users\sman5\Desktop\Java\Interface\src\LaunchInterface1.java. Using fallback presentation compiler.
2026.03.02 13:01:45 INFO  no build target found for C:\Users\sman5\Desktop\Java\Interface\src\LaunchInterface1.java. Using fallback presentation compiler.
2026.03.02 13:01:45 INFO  no build target found for C:\Users\sman5\Desktop\Java\Interface\src\LaunchInterface1.java. Using fallback presentation compiler.
2026.03.02 13:01:45 WARN  Running javac-semanticdb failed for file:///C:/Users/sman5/Desktop/Java/Interface/src/LaunchInterface1.java. Output:

2026.03.02 13:01:46 INFO  QDox parse error in file:///C:/Users/sman5/Desktop/Java/Interface/src/LaunchInterface1.java (full report at: "C:\Users\sman5\Desktop\Java\Interface\.metals\.reports\metals-full\2026-03-02\r_qdox-error_13-00-36-123.md")
2026.03.02 13:01:46 WARN  no build target for: C:\Users\sman5\Desktop\Java\Interface\src\LaunchInterface1.java
2026.03.02 13:01:46 INFO  no build target found for C:\Users\sman5\Desktop\Java\Interface\src\LaunchInterface1.java. Using fallback presentation compiler.
2026.03.02 13:01:47 INFO  no build target found for C:\Users\sman5\Desktop\Java\Interface\src\LaunchInterface1.java. Using fallback presentation compiler.
2026.03.02 13:01:47 INFO  no build target found for C:\Users\sman5\Desktop\Java\Interface\src\LaunchInterface1.java. Using fallback presentation compiler.
2026.03.02 13:01:47 INFO  no build target found for C:\Users\sman5\Desktop\Java\Interface\src\LaunchInterface1.java. Using fallback presentation compiler.
2026.03.02 13:01:47 WARN  Running javac-semanticdb failed for file:///C:/Users/sman5/Desktop/Java/Interface/src/LaunchInterface1.java. Output:

2026.03.02 13:01:47 WARN  no build target for: C:\Users\sman5\Desktop\Java\Interface\src\LaunchInterface1.java
2026.03.02 13:01:47 INFO  no build target found for C:\Users\sman5\Desktop\Java\Interface\src\LaunchInterface1.java. Using fallback presentation compiler.
2026.03.02 13:01:47 INFO  QDox parse error in file:///C:/Users/sman5/Desktop/Java/Interface/src/LaunchInterface1.java (full report at: "C:\Users\sman5\Desktop\Java\Interface\.metals\.reports\metals-full\2026-03-02\r_qdox-error_13-00-36-123.md")
2026.03.02 13:01:47 INFO  no build target found for C:\Users\sman5\Desktop\Java\Interface\src\LaunchInterface1.java. Using fallback presentation compiler.
2026.03.02 13:01:47 WARN  Running javac-semanticdb failed for file:///C:/Users/sman5/Desktop/Java/Interface/src/LaunchInterface1.java. Output:

2026.03.02 13:01:47 INFO  no build target found for C:\Users\sman5\Desktop\Java\Interface\src\LaunchInterface1.java. Using fallback presentation compiler.
2026.03.02 13:01:48 INFO  QDox parse error in file:///C:/Users/sman5/Desktop/Java/Interface/src/LaunchInterface1.java (full report at: "C:\Users\sman5\Desktop\Java\Interface\.metals\.reports\metals-full\2026-03-02\r_qdox-error_13-00-36-123.md")
2026.03.02 13:01:48 WARN  no build target for: C:\Users\sman5\Desktop\Java\Interface\src\LaunchInterface1.java
2026.03.02 13:01:48 INFO  no build target found for C:\Users\sman5\Desktop\Java\Interface\src\LaunchInterface1.java. Using fallback presentation compiler.
2026.03.02 13:01:48 INFO  no build target found for C:\Users\sman5\Desktop\Java\Interface\src\LaunchInterface1.java. Using fallback presentation compiler.
2026.03.02 13:01:48 INFO  no build target found for C:\Users\sman5\Desktop\Java\Interface\src\LaunchInterface1.java. Using fallback presentation compiler.
2026.03.02 13:01:48 INFO  no build target found for C:\Users\sman5\Desktop\Java\Interface\src\LaunchInterface1.java. Using fallback presentation compiler.
2026.03.02 13:01:48 WARN  Running javac-semanticdb failed for file:///C:/Users/sman5/Desktop/Java/Interface/src/LaunchInterface1.java. Output:

2026.03.02 13:01:48 WARN  no build target for: C:\Users\sman5\Desktop\Java\Interface\src\LaunchInterface1.java
2026.03.02 13:01:48 INFO  QDox parse error in file:///C:/Users/sman5/Desktop/Java/Interface/src/LaunchInterface1.java (full report at: "C:\Users\sman5\Desktop\Java\Interface\.metals\.reports\metals-full\2026-03-02\r_qdox-error_13-00-36-123.md")
2026.03.02 13:01:48 INFO  no build target found for C:\Users\sman5\Desktop\Java\Interface\src\LaunchInterface1.java. Using fallback presentation compiler.
2026.03.02 13:01:49 INFO  no build target found for C:\Users\sman5\Desktop\Java\Interface\src\LaunchInterface1.java. Using fallback presentation compiler.
2026.03.02 13:01:49 INFO  no build target found for C:\Users\sman5\Desktop\Java\Interface\src\LaunchInterface1.java. Using fallback presentation compiler.
2026.03.02 13:01:49 WARN  Running javac-semanticdb failed for file:///C:/Users/sman5/Desktop/Java/Interface/src/LaunchInterface1.java. Output:

2026.03.02 13:01:49 INFO  no build target found for C:\Users\sman5\Desktop\Java\Interface\src\LaunchInterface1.java. Using fallback presentation compiler.
2026.03.02 13:01:50 WARN  no build target for: C:\Users\sman5\Desktop\Java\Interface\src\LaunchInterface1.java
2026.03.02 13:01:49 INFO  QDox parse error in file:///C:/Users/sman5/Desktop/Java/Interface/src/LaunchInterface1.java (full report at: "C:\Users\sman5\Desktop\Java\Interface\.metals\.reports\metals-full\2026-03-02\r_qdox-error_13-00-36-123.md")
2026.03.02 13:01:50 INFO  no build target found for C:\Users\sman5\Desktop\Java\Interface\src\LaunchInterface1.java. Using fallback presentation compiler.
2026.03.02 13:01:55 INFO  no build target found for C:\Users\sman5\Desktop\Java\Interface\src\LaunchInterface1.java. Using fallback presentation compiler.
2026.03.02 13:01:55 INFO  no build target found for C:\Users\sman5\Desktop\Java\Interface\src\LaunchInterface1.java. Using fallback presentation compiler.
2026.03.02 13:01:55 INFO  no build target found for C:\Users\sman5\Desktop\Java\Interface\src\LaunchInterface1.java. Using fallback presentation compiler.
2026.03.02 13:01:55 INFO  no build target found for C:\Users\sman5\Desktop\Java\Interface\src\LaunchInterface1.java. Using fallback presentation compiler.
2026.03.02 13:01:55 INFO  no build target found for C:\Users\sman5\Desktop\Java\Interface\src\LaunchInterface1.java. Using fallback presentation compiler.
2026.03.02 13:01:56 INFO  no build target found for C:\Users\sman5\Desktop\Java\Interface\src\LaunchInterface1.java. Using fallback presentation compiler.
2026.03.02 13:01:56 WARN  Running javac-semanticdb failed for file:///C:/Users/sman5/Desktop/Java/Interface/src/LaunchInterface1.java. Output:

2026.03.02 13:01:56 INFO  no build target found for C:\Users\sman5\Desktop\Java\Interface\src\LaunchInterface1.java. Using fallback presentation compiler.
2026.03.02 13:01:56 INFO  no build target found for C:\Users\sman5\Desktop\Java\Interface\src\LaunchInterface1.java. Using fallback presentation compiler.
2026.03.02 13:01:57 INFO  QDox parse error in file:///C:/Users/sman5/Desktop/Java/Interface/src/LaunchInterface1.java (full report at: "C:\Users\sman5\Desktop\Java\Interface\.metals\.reports\metals-full\2026-03-02\r_qdox-error_13-00-36-123.md")
2026.03.02 13:01:57 WARN  no build target for: C:\Users\sman5\Desktop\Java\Interface\src\LaunchInterface1.java
2026.03.02 13:01:57 INFO  no build target found for C:\Users\sman5\Desktop\Java\Interface\src\LaunchInterface1.java. Using fallback presentation compiler.
2026.03.02 13:01:56 INFO  no build target found for C:\Users\sman5\Desktop\Java\Interface\src\LaunchInterface1.java. Using fallback presentation compiler.
2026.03.02 13:01:57 INFO  no build target found for C:\Users\sman5\Desktop\Java\Interface\src\LaunchInterface1.java. Using fallback presentation compiler.
2026.03.02 13:01:57 INFO  no build target found for C:\Users\sman5\Desktop\Java\Interface\src\LaunchInterface1.java. Using fallback presentation compiler.
2026.03.02 13:01:57 INFO  no build target found for C:\Users\sman5\Desktop\Java\Interface\src\LaunchInterface1.java. Using fallback presentation compiler.
2026.03.02 13:01:58 WARN  Running javac-semanticdb failed for file:///C:/Users/sman5/Desktop/Java/Interface/src/LaunchInterface1.java. Output:

2026.03.02 13:01:58 INFO  no build target found for C:\Users\sman5\Desktop\Java\Interface\src\LaunchInterface1.java. Using fallback presentation compiler.
2026.03.02 13:01:57 INFO  no build target found for C:\Users\sman5\Desktop\Java\Interface\src\LaunchInterface1.java. Using fallback presentation compiler.
2026.03.02 13:01:57 INFO  no build target found for C:\Users\sman5\Desktop\Java\Interface\src\LaunchInterface1.java. Using fallback presentation compiler.
2026.03.02 13:01:57 WARN  Running javac-semanticdb failed for file:///C:/Users/sman5/Desktop/Java/Interface/src/LaunchInterface1.java. Output:

2026.03.02 13:01:58 INFO  no build target found for C:\Users\sman5\Desktop\Java\Interface\src\LaunchInterface1.java. Using fallback presentation compiler.
2026.03.02 13:01:57 INFO  no build target found for C:\Users\sman5\Desktop\Java\Interface\src\LaunchInterface1.java. Using fallback presentation compiler.
2026.03.02 13:01:58 INFO  no build target found for C:\Users\sman5\Desktop\Java\Interface\src\LaunchInterface1.java. Using fallback presentation compiler.
2026.03.02 13:01:58 INFO  no build target found for C:\Users\sman5\Desktop\Java\Interface\src\LaunchInterface1.java. Using fallback presentation compiler.
2026.03.02 13:01:59 WARN  Running javac-semanticdb failed for file:///C:/Users/sman5/Desktop/Java/Interface/src/LaunchInterface1.java. Output:

2026.03.02 13:01:58 INFO  no build target found for C:\Users\sman5\Desktop\Java\Interface\src\LaunchInterface1.java. Using fallback presentation compiler.
2026.03.02 13:01:58 WARN  no build target for: C:\Users\sman5\Desktop\Java\Interface\src\LaunchInterface1.java
2026.03.02 13:01:59 INFO  no build target found for C:\Users\sman5\Desktop\Java\Interface\src\LaunchInterface1.java. Using fallback presentation compiler.
2026.03.02 13:01:58 INFO  no build target found for C:\Users\sman5\Desktop\Java\Interface\src\LaunchInterface1.java. Using fallback presentation compiler.
2026.03.02 13:02:00 INFO  no build target found for C:\Users\sman5\Desktop\Java\Interface\src\LaunchInterface1.java. Using fallback presentation compiler.
2026.03.02 13:02:00 INFO  no build target found for C:\Users\sman5\Desktop\Java\Interface\src\LaunchInterface1.java. Using fallback presentation compiler.
2026.03.02 13:02:01 INFO  no build target found for C:\Users\sman5\Desktop\Java\Interface\src\LaunchInterface1.java. Using fallback presentation compiler.
2026.03.02 13:02:00 INFO  no build target found for C:\Users\sman5\Desktop\Java\Interface\src\LaunchInterface1.java. Using fallback presentation compiler.
2026.03.02 13:02:00 INFO  no build target found for C:\Users\sman5\Desktop\Java\Interface\src\LaunchInterface1.java. Using fallback presentation compiler.
2026.03.02 13:02:01 INFO  no build target found for C:\Users\sman5\Desktop\Java\Interface\src\LaunchInterface1.java. Using fallback presentation compiler.
2026.03.02 13:02:01 INFO  no build target found for C:\Users\sman5\Desktop\Java\Interface\src\LaunchInterface1.java. Using fallback presentation compiler.
2026.03.02 13:02:01 INFO  no build target found for C:\Users\sman5\Desktop\Java\Interface\src\LaunchInterface1.java. Using fallback presentation compiler.
2026.03.02 13:02:01 INFO  no build target found for C:\Users\sman5\Desktop\Java\Interface\src\LaunchInterface1.java. Using fallback presentation compiler.
2026.03.02 13:02:02 INFO  no build target found for C:\Users\sman5\Desktop\Java\Interface\src\LaunchInterface1.java. Using fallback presentation compiler.
2026.03.02 13:02:01 INFO  no build target found for C:\Users\sman5\Desktop\Java\Interface\src\LaunchInterface1.java. Using fallback presentation compiler.
Mar 02, 2026 1:02:02 PM org.eclipse.lsp4j.jsonrpc.RemoteEndpoint handleCancellation
WARNING: Unmatched cancel notification for request id 266
2026.03.02 13:02:01 INFO  no build target found for C:\Users\sman5\Desktop\Java\Interface\src\LaunchInterface1.java. Using fallback presentation compiler.
2026.03.02 13:02:01 INFO  no build target found for C:\Users\sman5\Desktop\Java\Interface\src\LaunchInterface1.java. Using fallback presentation compiler.
2026.03.02 13:02:02 INFO  no build target found for C:\Users\sman5\Desktop\Java\Interface\src\LaunchInterface1.java. Using fallback presentation compiler.
2026.03.02 13:02:02 INFO  no build target found for C:\Users\sman5\Desktop\Java\Interface\src\LaunchInterface1.java. Using fallback presentation compiler.
2026.03.02 13:02:02 INFO  no build target found for C:\Users\sman5\Desktop\Java\Interface\src\LaunchInterface1.java. Using fallback presentation compiler.
2026.03.02 13:02:03 INFO  no build target found for C:\Users\sman5\Desktop\Java\Interface\src\LaunchInterface1.java. Using fallback presentation compiler.
2026.03.02 13:02:02 INFO  no build target found for C:\Users\sman5\Desktop\Java\Interface\src\LaunchInterface1.java. Using fallback presentation compiler.
2026.03.02 13:02:03 WARN  no build target for: C:\Users\sman5\Desktop\Java\Interface\src\LaunchInterface1.java
2026.03.02 13:02:03 INFO  no build target found for C:\Users\sman5\Desktop\Java\Interface\src\LaunchInterface1.java. Using fallback presentation compiler.
2026.03.02 13:02:02 INFO  no build target found for C:\Users\sman5\Desktop\Java\Interface\src\LaunchInterface1.java. Using fallback presentation compiler.
2026.03.02 13:02:03 INFO  no build target found for C:\Users\sman5\Desktop\Java\Interface\src\LaunchInterface1.java. Using fallback presentation compiler.
2026.03.02 13:02:04 WARN  no build target for: C:\Users\sman5\Desktop\Java\Interface\src\LaunchInterface1.java
2026.03.02 13:02:04 INFO  no build target found for C:\Users\sman5\Desktop\Java\Interface\src\LaunchInterface1.java. Using fallback presentation compiler.
2026.03.02 13:02:05 INFO  no build target found for C:\Users\sman5\Desktop\Java\Interface\src\LaunchInterface1.java. Using fallback presentation compiler.
2026.03.02 13:02:05 INFO  no build target found for C:\Users\sman5\Desktop\Java\Interface\src\LaunchInterface1.java. Using fallback presentation compiler.
2026.03.02 13:02:05 INFO  no build target found for C:\Users\sman5\Desktop\Java\Interface\src\LaunchInterface1.java. Using fallback presentation compiler.
2026.03.02 13:02:05 INFO  no build target found for C:\Users\sman5\Desktop\Java\Interface\src\LaunchInterface1.java. Using fallback presentation compiler.
2026.03.02 13:02:05 INFO  no build target found for C:\Users\sman5\Desktop\Java\Interface\src\LaunchInterface1.java. Using fallback presentation compiler.
2026.03.02 13:02:05 INFO  no build target found for C:\Users\sman5\Desktop\Java\Interface\src\LaunchInterface1.java. Using fallback presentation compiler.
2026.03.02 13:02:06 WARN  no build target for: C:\Users\sman5\Desktop\Java\Interface\src\LaunchInterface1.java
2026.03.02 13:02:06 INFO  no build target found for C:\Users\sman5\Desktop\Java\Interface\src\LaunchInterface1.java. Using fallback presentation compiler.
2026.03.02 13:02:08 INFO  no build target found for C:\Users\sman5\Desktop\Java\Interface\src\LaunchInterface1.java. Using fallback presentation compiler.
2026.03.02 13:02:08 INFO  no build target found for C:\Users\sman5\Desktop\Java\Interface\src\LaunchInterface1.java. Using fallback presentation compiler.
2026.03.02 13:02:08 INFO  no build target found for C:\Users\sman5\Desktop\Java\Interface\src\LaunchInterface1.java. Using fallback presentation compiler.
2026.03.02 13:02:08 INFO  no build target found for C:\Users\sman5\Desktop\Java\Interface\src\LaunchInterface1.java. Using fallback presentation compiler.
2026.03.02 13:02:08 INFO  no build target found for C:\Users\sman5\Desktop\Java\Interface\src\LaunchInterface1.java. Using fallback presentation compiler.
2026.03.02 13:02:08 INFO  no build target found for C:\Users\sman5\Desktop\Java\Interface\src\LaunchInterface1.java. Using fallback presentation compiler.
Mar 02, 2026 1:02:09 PM org.eclipse.lsp4j.jsonrpc.RemoteEndpoint handleCancellation
WARNING: Unmatched cancel notification for request id 311
2026.03.02 13:02:08 INFO  no build target found for C:\Users\sman5\Desktop\Java\Interface\src\LaunchInterface1.java. Using fallback presentation compiler.
2026.03.02 13:02:09 INFO  no build target found for C:\Users\sman5\Desktop\Java\Interface\src\LaunchInterface1.java. Using fallback presentation compiler.
2026.03.02 13:02:09 INFO  no build target found for C:\Users\sman5\Desktop\Java\Interface\src\LaunchInterface1.java. Using fallback presentation compiler.
2026.03.02 13:02:09 WARN  no build target for: C:\Users\sman5\Desktop\Java\Interface\src\LaunchInterface1.java
2026.03.02 13:02:09 INFO  no build target found for C:\Users\sman5\Desktop\Java\Interface\src\LaunchInterface1.java. Using fallback presentation compiler.
2026.03.02 13:02:09 INFO  no build target found for C:\Users\sman5\Desktop\Java\Interface\src\LaunchInterface1.java. Using fallback presentation compiler.
2026.03.02 13:02:09 INFO  no build target found for C:\Users\sman5\Desktop\Java\Interface\src\LaunchInterface1.java. Using fallback presentation compiler.
2026.03.02 13:02:10 INFO  no build target found for C:\Users\sman5\Desktop\Java\Interface\src\LaunchInterface1.java. Using fallback presentation compiler.
2026.03.02 13:02:10 WARN  no build target for: C:\Users\sman5\Desktop\Java\Interface\src\LaunchInterface1.java
2026.03.02 13:02:10 INFO  no build target found for C:\Users\sman5\Desktop\Java\Interface\src\LaunchInterface1.java. Using fallback presentation compiler.
2026.03.02 13:02:10 INFO  no build target found for C:\Users\sman5\Desktop\Java\Interface\src\LaunchInterface1.java. Using fallback presentation compiler.
2026.03.02 13:02:10 INFO  no build target found for C:\Users\sman5\Desktop\Java\Interface\src\LaunchInterface1.java. Using fallback presentation compiler.
2026.03.02 13:02:11 INFO  no build target found for C:\Users\sman5\Desktop\Java\Interface\src\LaunchInterface1.java. Using fallback presentation compiler.
2026.03.02 13:02:11 WARN  no build target for: C:\Users\sman5\Desktop\Java\Interface\src\LaunchInterface1.java
2026.03.02 13:02:11 INFO  no build target found for C:\Users\sman5\Desktop\Java\Interface\src\LaunchInterface1.java. Using fallback presentation compiler.
2026.03.02 13:02:12 INFO  no build target found for C:\Users\sman5\Desktop\Java\Interface\src\LaunchInterface1.java. Using fallback presentation compiler.
2026.03.02 13:02:12 INFO  no build target found for C:\Users\sman5\Desktop\Java\Interface\src\LaunchInterface1.java. Using fallback presentation compiler.
2026.03.02 13:02:12 INFO  no build target found for C:\Users\sman5\Desktop\Java\Interface\src\LaunchInterface1.java. Using fallback presentation compiler.
2026.03.02 13:02:12 INFO  no build target found for C:\Users\sman5\Desktop\Java\Interface\src\LaunchInterface1.java. Using fallback presentation compiler.
2026.03.02 13:02:12 WARN  no build target for: C:\Users\sman5\Desktop\Java\Interface\src\LaunchInterface1.java
2026.03.02 13:02:12 INFO  no build target found for C:\Users\sman5\Desktop\Java\Interface\src\LaunchInterface1.java. Using fallback presentation compiler.
2026.03.02 13:02:13 INFO  no build target found for C:\Users\sman5\Desktop\Java\Interface\src\LaunchInterface1.java. Using fallback presentation compiler.
2026.03.02 13:02:13 INFO  no build target found for C:\Users\sman5\Desktop\Java\Interface\src\LaunchInterface1.java. Using fallback presentation compiler.
2026.03.02 13:02:13 INFO  no build target found for C:\Users\sman5\Desktop\Java\Interface\src\LaunchInterface1.java. Using fallback presentation compiler.
2026.03.02 13:02:14 WARN  no build target for: C:\Users\sman5\Desktop\Java\Interface\src\LaunchInterface1.java
2026.03.02 13:02:14 INFO  no build target found for C:\Users\sman5\Desktop\Java\Interface\src\LaunchInterface1.java. Using fallback presentation compiler.
2026.03.02 13:02:15 INFO  no build target found for C:\Users\sman5\Desktop\Java\Interface\src\LaunchInterface1.java. Using fallback presentation compiler.
2026.03.02 13:02:15 INFO  no build target found for C:\Users\sman5\Desktop\Java\Interface\src\LaunchInterface1.java. Using fallback presentation compiler.
2026.03.02 13:02:15 INFO  no build target found for C:\Users\sman5\Desktop\Java\Interface\src\LaunchInterface1.java. Using fallback presentation compiler.
2026.03.02 13:02:15 WARN  no build target for: C:\Users\sman5\Desktop\Java\Interface\src\LaunchInterface1.java
2026.03.02 13:02:15 INFO  no build target found for C:\Users\sman5\Desktop\Java\Interface\src\LaunchInterface1.java. Using fallback presentation compiler.
2026.03.02 13:02:15 INFO  no build target found for C:\Users\sman5\Desktop\Java\Interface\src\LaunchInterface1.java. Using fallback presentation compiler.
2026.03.02 13:02:16 INFO  no build target found for C:\Users\sman5\Desktop\Java\Interface\src\LaunchInterface1.java. Using fallback presentation compiler.
2026.03.02 13:02:15 INFO  no build target found for C:\Users\sman5\Desktop\Java\Interface\src\LaunchInterface1.java. Using fallback presentation compiler.
2026.03.02 13:02:16 INFO  no build target found for C:\Users\sman5\Desktop\Java\Interface\src\LaunchInterface1.java. Using fallback presentation compiler.
2026.03.02 13:02:16 WARN  no build target for: C:\Users\sman5\Desktop\Java\Interface\src\LaunchInterface1.java
2026.03.02 13:02:15 INFO  no build target found for C:\Users\sman5\Desktop\Java\Interface\src\LaunchInterface1.java. Using fallback presentation compiler.
2026.03.02 13:02:17 INFO  no build target found for C:\Users\sman5\Desktop\Java\Interface\src\LaunchInterface1.java. Using fallback presentation compiler.
2026.03.02 13:02:17 INFO  no build target found for C:\Users\sman5\Desktop\Java\Interface\src\LaunchInterface1.java. Using fallback presentation compiler.
2026.03.02 13:02:18 INFO  no build target found for C:\Users\sman5\Desktop\Java\Interface\src\LaunchInterface1.java. Using fallback presentation compiler.
2026.03.02 13:02:18 WARN  no build target for: C:\Users\sman5\Desktop\Java\Interface\src\LaunchInterface1.java
2026.03.02 13:02:18 INFO  no build target found for C:\Users\sman5\Desktop\Java\Interface\src\LaunchInterface1.java. Using fallback presentation compiler.
2026.03.02 13:03:13 INFO  no build target found for C:\Users\sman5\Desktop\Java\Interface\src\LaunchInterface1.java. Using fallback presentation compiler.
2026.03.02 13:03:13 INFO  no build target found for C:\Users\sman5\Desktop\Java\Interface\src\LaunchInterface1.java. Using fallback presentation compiler.
2026.03.02 13:03:14 INFO  no build target found for C:\Users\sman5\Desktop\Java\Interface\src\LaunchInterface1.java. Using fallback presentation compiler.
2026.03.02 13:03:14 INFO  no build target found for C:\Users\sman5\Desktop\Java\Interface\src\LaunchInterface1.java. Using fallback presentation compiler.
2026.03.02 13:03:14 INFO  no build target found for C:\Users\sman5\Desktop\Java\Interface\src\LaunchInterface1.java. Using fallback presentation compiler.
2026.03.02 13:03:15 INFO  no build target found for C:\Users\sman5\Desktop\Java\Interface\src\LaunchInterface1.java. Using fallback presentation compiler.
2026.03.02 13:03:15 WARN  no build target for: C:\Users\sman5\Desktop\Java\Interface\src\LaunchInterface1.java
2026.03.02 13:03:15 INFO  no build target found for C:\Users\sman5\Desktop\Java\Interface\src\LaunchInterface1.java. Using fallback presentation compiler.
2026.03.02 13:03:15 INFO  no build target found for C:\Users\sman5\Desktop\Java\Interface\src\LaunchInterface1.java. Using fallback presentation compiler.
2026.03.02 13:03:15 INFO  no build target found for C:\Users\sman5\Desktop\Java\Interface\src\LaunchInterface1.java. Using fallback presentation compiler.
2026.03.02 13:03:15 INFO  no build target found for C:\Users\sman5\Desktop\Java\Interface\src\LaunchInterface1.java. Using fallback presentation compiler.
2026.03.02 13:03:15 INFO  no build target found for C:\Users\sman5\Desktop\Java\Interface\src\LaunchInterface1.java. Using fallback presentation compiler.
2026.03.02 13:03:15 INFO  no build target found for C:\Users\sman5\Desktop\Java\Interface\src\LaunchInterface1.java. Using fallback presentation compiler.
2026.03.02 13:03:15 INFO  no build target found for C:\Users\sman5\Desktop\Java\Interface\src\LaunchInterface1.java. Using fallback presentation compiler.
2026.03.02 13:03:15 INFO  no build target found for C:\Users\sman5\Desktop\Java\Interface\src\LaunchInterface1.java. Using fallback presentation compiler.
2026.03.02 13:03:16 INFO  no build target found for C:\Users\sman5\Desktop\Java\Interface\src\LaunchInterface1.java. Using fallback presentation compiler.
2026.03.02 13:03:15 INFO  no build target found for C:\Users\sman5\Desktop\Java\Interface\src\LaunchInterface1.java. Using fallback presentation compiler.
2026.03.02 13:03:16 INFO  no build target found for C:\Users\sman5\Desktop\Java\Interface\src\LaunchInterface1.java. Using fallback presentation compiler.
2026.03.02 13:03:16 INFO  no build target found for C:\Users\sman5\Desktop\Java\Interface\src\LaunchInterface1.java. Using fallback presentation compiler.
2026.03.02 13:03:16 INFO  no build target found for C:\Users\sman5\Desktop\Java\Interface\src\LaunchInterface1.java. Using fallback presentation compiler.
2026.03.02 13:03:16 INFO  no build target found for C:\Users\sman5\Desktop\Java\Interface\src\LaunchInterface1.java. Using fallback presentation compiler.
2026.03.02 13:03:17 WARN  no build target for: C:\Users\sman5\Desktop\Java\Interface\src\LaunchInterface1.java
2026.03.02 13:03:16 INFO  QDox parse error in file:///C:/Users/sman5/Desktop/Java/Interface/src/LaunchInterface1.java (full report at: "C:\Users\sman5\Desktop\Java\Interface\.metals\.reports\metals-full\2026-03-02\r_qdox-error_13-00-36-123.md")
2026.03.02 13:03:16 INFO  no build target found for C:\Users\sman5\Desktop\Java\Interface\src\LaunchInterface1.java. Using fallback presentation compiler.
2026.03.02 13:03:17 INFO  no build target found for C:\Users\sman5\Desktop\Java\Interface\src\LaunchInterface1.java. Using fallback presentation compiler.
2026.03.02 13:03:17 INFO  no build target found for C:\Users\sman5\Desktop\Java\Interface\src\LaunchInterface1.java. Using fallback presentation compiler.
2026.03.02 13:03:17 INFO  no build target found for C:\Users\sman5\Desktop\Java\Interface\src\LaunchInterface1.java. Using fallback presentation compiler.
2026.03.02 13:03:18 INFO  no build target found for C:\Users\sman5\Desktop\Java\Interface\src\LaunchInterface1.java. Using fallback presentation compiler.
2026.03.02 13:03:18 WARN  Running javac-semanticdb failed for file:///C:/Users/sman5/Desktop/Java/Interface/src/LaunchInterface1.java. Output:

2026.03.02 13:03:17 INFO  no build target found for C:\Users\sman5\Desktop\Java\Interface\src\LaunchInterface1.java. Using fallback presentation compiler.
2026.03.02 13:03:17 INFO  no build target found for C:\Users\sman5\Desktop\Java\Interface\src\LaunchInterface1.java. Using fallback presentation compiler.
2026.03.02 13:03:17 INFO  no build target found for C:\Users\sman5\Desktop\Java\Interface\src\LaunchInterface1.java. Using fallback presentation compiler.
2026.03.02 13:03:18 INFO  no build target found for C:\Users\sman5\Desktop\Java\Interface\src\LaunchInterface1.java. Using fallback presentation compiler.
2026.03.02 13:03:18 WARN  Running javac-semanticdb failed for file:///C:/Users/sman5/Desktop/Java/Interface/src/LaunchInterface1.java. Output:

2026.03.02 13:03:18 WARN  no build target for: C:\Users\sman5\Desktop\Java\Interface\src\LaunchInterface1.java
2026.03.02 13:03:18 INFO  QDox parse error in file:///C:/Users/sman5/Desktop/Java/Interface/src/LaunchInterface1.java (full report at: "C:\Users\sman5\Desktop\Java\Interface\.metals\.reports\metals-full\2026-03-02\r_qdox-error_13-00-36-123.md")
2026.03.02 13:03:18 INFO  no build target found for C:\Users\sman5\Desktop\Java\Interface\src\LaunchInterface1.java. Using fallback presentation compiler.
2026.03.02 13:03:18 INFO  no build target found for C:\Users\sman5\Desktop\Java\Interface\src\LaunchInterface1.java. Using fallback presentation compiler.
2026.03.02 13:03:18 INFO  no build target found for C:\Users\sman5\Desktop\Java\Interface\src\LaunchInterface1.java. Using fallback presentation compiler.
2026.03.02 13:03:18 INFO  no build target found for C:\Users\sman5\Desktop\Java\Interface\src\LaunchInterface1.java. Using fallback presentation compiler.
2026.03.02 13:03:18 INFO  no build target found for C:\Users\sman5\Desktop\Java\Interface\src\LaunchInterface1.java. Using fallback presentation compiler.
2026.03.02 13:03:18 INFO  no build target found for C:\Users\sman5\Desktop\Java\Interface\src\LaunchInterface1.java. Using fallback presentation compiler.
2026.03.02 13:03:18 INFO  no build target found for C:\Users\sman5\Desktop\Java\Interface\src\LaunchInterface1.java. Using fallback presentation compiler.
2026.03.02 13:03:19 INFO  no build target found for C:\Users\sman5\Desktop\Java\Interface\src\LaunchInterface1.java. Using fallback presentation compiler.
2026.03.02 13:03:18 INFO  no build target found for C:\Users\sman5\Desktop\Java\Interface\src\LaunchInterface1.java. Using fallback presentation compiler.
2026.03.02 13:03:18 INFO  no build target found for C:\Users\sman5\Desktop\Java\Interface\src\LaunchInterface1.java. Using fallback presentation compiler.
2026.03.02 13:03:18 INFO  no build target found for C:\Users\sman5\Desktop\Java\Interface\src\LaunchInterface1.java. Using fallback presentation compiler.
2026.03.02 13:03:19 INFO  no build target found for C:\Users\sman5\Desktop\Java\Interface\src\LaunchInterface1.java. Using fallback presentation compiler.
2026.03.02 13:03:18 WARN  Running javac-semanticdb failed for file:///C:/Users/sman5/Desktop/Java/Interface/src/LaunchInterface1.java. Output:

2026.03.02 13:03:19 INFO  no build target found for C:\Users\sman5\Desktop\Java\Interface\src\LaunchInterface1.java. Using fallback presentation compiler.
2026.03.02 13:03:19 INFO  no build target found for C:\Users\sman5\Desktop\Java\Interface\src\LaunchInterface1.java. Using fallback presentation compiler.
2026.03.02 13:03:20 INFO  no build target found for C:\Users\sman5\Desktop\Java\Interface\src\LaunchInterface1.java. Using fallback presentation compiler.
2026.03.02 13:03:19 INFO  no build target found for C:\Users\sman5\Desktop\Java\Interface\src\LaunchInterface1.java. Using fallback presentation compiler.
2026.03.02 13:03:20 WARN  Running javac-semanticdb failed for file:///C:/Users/sman5/Desktop/Java/Interface/src/LaunchInterface1.java. Output:

2026.03.02 13:03:20 WARN  no build target for: C:\Users\sman5\Desktop\Java\Interface\src\LaunchInterface1.java
2026.03.02 13:03:20 INFO  no build target found for C:\Users\sman5\Desktop\Java\Interface\src\LaunchInterface1.java. Using fallback presentation compiler.
2026.03.02 13:03:20 INFO  QDox parse error in file:///C:/Users/sman5/Desktop/Java/Interface/src/LaunchInterface1.java (full report at: "C:\Users\sman5\Desktop\Java\Interface\.metals\.reports\metals-full\2026-03-02\r_qdox-error_13-00-36-123.md")
2026.03.02 13:03:19 INFO  no build target found for C:\Users\sman5\Desktop\Java\Interface\src\LaunchInterface1.java. Using fallback presentation compiler.
2026.03.02 13:03:21 INFO  no build target found for C:\Users\sman5\Desktop\Java\Interface\src\LaunchInterface1.java. Using fallback presentation compiler.
2026.03.02 13:03:21 INFO  no build target found for C:\Users\sman5\Desktop\Java\Interface\src\LaunchInterface1.java. Using fallback presentation compiler.
2026.03.02 13:03:21 INFO  no build target found for C:\Users\sman5\Desktop\Java\Interface\src\LaunchInterface1.java. Using fallback presentation compiler.
2026.03.02 13:03:21 INFO  no build target found for C:\Users\sman5\Desktop\Java\Interface\src\LaunchInterface1.java. Using fallback presentation compiler.
2026.03.02 13:03:21 INFO  no build target found for C:\Users\sman5\Desktop\Java\Interface\src\LaunchInterface1.java. Using fallback presentation compiler.
2026.03.02 13:03:21 WARN  Running javac-semanticdb failed for file:///C:/Users/sman5/Desktop/Java/Interface/src/LaunchInterface1.java. Output:

2026.03.02 13:03:21 INFO  no build target found for C:\Users\sman5\Desktop\Java\Interface\src\LaunchInterface1.java. Using fallback presentation compiler.
2026.03.02 13:03:21 INFO  no build target found for C:\Users\sman5\Desktop\Java\Interface\src\LaunchInterface1.java. Using fallback presentation compiler.
2026.03.02 13:03:21 INFO  no build target found for C:\Users\sman5\Desktop\Java\Interface\src\LaunchInterface1.java. Using fallback presentation compiler.
2026.03.02 13:03:21 INFO  no build target found for C:\Users\sman5\Desktop\Java\Interface\src\LaunchInterface1.java. Using fallback presentation compiler.
2026.03.02 13:03:22 INFO  no build target found for C:\Users\sman5\Desktop\Java\Interface\src\LaunchInterface1.java. Using fallback presentation compiler.
2026.03.02 13:03:21 INFO  no build target found for C:\Users\sman5\Desktop\Java\Interface\src\LaunchInterface1.java. Using fallback presentation compiler.
2026.03.02 13:03:22 WARN  Running javac-semanticdb failed for file:///C:/Users/sman5/Desktop/Java/Interface/src/LaunchInterface1.java. Output:

2026.03.02 13:03:22 INFO  QDox parse error in file:///C:/Users/sman5/Desktop/Java/Interface/src/LaunchInterface1.java (full report at: "C:\Users\sman5\Desktop\Java\Interface\.metals\.reports\metals-full\2026-03-02\r_qdox-error_13-00-36-123.md")
2026.03.02 13:03:22 WARN  no build target for: C:\Users\sman5\Desktop\Java\Interface\src\LaunchInterface1.java
2026.03.02 13:03:22 INFO  no build target found for C:\Users\sman5\Desktop\Java\Interface\src\LaunchInterface1.java. Using fallback presentation compiler.
2026.03.02 13:03:22 INFO  no build target found for C:\Users\sman5\Desktop\Java\Interface\src\LaunchInterface1.java. Using fallback presentation compiler.
2026.03.02 13:03:22 INFO  no build target found for C:\Users\sman5\Desktop\Java\Interface\src\LaunchInterface1.java. Using fallback presentation compiler.
2026.03.02 13:03:22 INFO  no build target found for C:\Users\sman5\Desktop\Java\Interface\src\LaunchInterface1.java. Using fallback presentation compiler.
2026.03.02 13:03:22 WARN  Running javac-semanticdb failed for file:///C:/Users/sman5/Desktop/Java/Interface/src/LaunchInterface1.java. Output:

2026.03.02 13:03:22 INFO  no build target found for C:\Users\sman5\Desktop\Java\Interface\src\LaunchInterface1.java. Using fallback presentation compiler.
2026.03.02 13:03:23 WARN  no build target for: C:\Users\sman5\Desktop\Java\Interface\src\LaunchInterface1.java
2026.03.02 13:03:23 INFO  no build target found for C:\Users\sman5\Desktop\Java\Interface\src\LaunchInterface1.java. Using fallback presentation compiler.
2026.03.02 13:03:22 INFO  QDox parse error in file:///C:/Users/sman5/Desktop/Java/Interface/src/LaunchInterface1.java (full report at: "C:\Users\sman5\Desktop\Java\Interface\.metals\.reports\metals-full\2026-03-02\r_qdox-error_13-00-36-123.md")
2026.03.02 13:03:22 INFO  no build target found for C:\Users\sman5\Desktop\Java\Interface\src\LaunchInterface1.java. Using fallback presentation compiler.
Mar 02, 2026 1:03:23 PM org.eclipse.lsp4j.jsonrpc.RemoteEndpoint handleCancellation
WARNING: Unmatched cancel notification for request id 481
2026.03.02 13:03:23 INFO  no build target found for C:\Users\sman5\Desktop\Java\Interface\src\LaunchInterface1.java. Using fallback presentation compiler.
2026.03.02 13:03:23 INFO  no build target found for C:\Users\sman5\Desktop\Java\Interface\src\LaunchInterface1.java. Using fallback presentation compiler.
2026.03.02 13:03:23 INFO  no build target found for C:\Users\sman5\Desktop\Java\Interface\src\LaunchInterface1.java. Using fallback presentation compiler.
2026.03.02 13:03:23 WARN  Running javac-semanticdb failed for file:///C:/Users/sman5/Desktop/Java/Interface/src/LaunchInterface1.java. Output:

2026.03.02 13:03:23 WARN  no build target for: C:\Users\sman5\Desktop\Java\Interface\src\LaunchInterface1.java
2026.03.02 13:03:24 INFO  no build target found for C:\Users\sman5\Desktop\Java\Interface\src\LaunchInterface1.java. Using fallback presentation compiler.
2026.03.02 13:03:23 INFO  no build target found for C:\Users\sman5\Desktop\Java\Interface\src\LaunchInterface1.java. Using fallback presentation compiler.
2026.03.02 13:03:23 INFO  no build target found for C:\Users\sman5\Desktop\Java\Interface\src\LaunchInterface1.java. Using fallback presentation compiler.
2026.03.02 13:03:24 INFO  no build target found for C:\Users\sman5\Desktop\Java\Interface\src\LaunchInterface1.java. Using fallback presentation compiler.
2026.03.02 13:03:24 WARN  no build target for: C:\Users\sman5\Desktop\Java\Interface\src\LaunchInterface1.java
2026.03.02 13:03:24 INFO  no build target found for C:\Users\sman5\Desktop\Java\Interface\src\LaunchInterface1.java. Using fallback presentation compiler.
2026.03.02 13:03:26 INFO  no build target found for C:\Users\sman5\Desktop\Java\Interface\src\LaunchInterface1.java. Using fallback presentation compiler.
2026.03.02 13:03:26 INFO  no build target found for C:\Users\sman5\Desktop\Java\Interface\src\LaunchInterface1.java. Using fallback presentation compiler.
2026.03.02 13:03:26 INFO  no build target found for C:\Users\sman5\Desktop\Java\Interface\src\LaunchInterface1.java. Using fallback presentation compiler.
2026.03.02 13:03:26 INFO  no build target found for C:\Users\sman5\Desktop\Java\Interface\src\LaunchInterface1.java. Using fallback presentation compiler.
2026.03.02 13:03:26 INFO  no build target found for C:\Users\sman5\Desktop\Java\Interface\src\LaunchInterface1.java. Using fallback presentation compiler.
2026.03.02 13:03:26 INFO  no build target found for C:\Users\sman5\Desktop\Java\Interface\src\LaunchInterface1.java. Using fallback presentation compiler.
2026.03.02 13:03:26 INFO  no build target found for C:\Users\sman5\Desktop\Java\Interface\src\LaunchInterface1.java. Using fallback presentation compiler.
2026.03.02 13:03:26 INFO  no build target found for C:\Users\sman5\Desktop\Java\Interface\src\LaunchInterface1.java. Using fallback presentation compiler.
2026.03.02 13:03:27 INFO  no build target found for C:\Users\sman5\Desktop\Java\Interface\src\LaunchInterface1.java. Using fallback presentation compiler.
2026.03.02 13:03:27 INFO  no build target found for C:\Users\sman5\Desktop\Java\Interface\src\LaunchInterface1.java. Using fallback presentation compiler.
2026.03.02 13:03:27 INFO  no build target found for C:\Users\sman5\Desktop\Java\Interface\src\LaunchInterface1.java. Using fallback presentation compiler.
2026.03.02 13:03:27 INFO  no build target found for C:\Users\sman5\Desktop\Java\Interface\src\LaunchInterface1.java. Using fallback presentation compiler.
2026.03.02 13:03:27 WARN  no build target for: C:\Users\sman5\Desktop\Java\Interface\src\LaunchInterface1.java
2026.03.02 13:03:27 INFO  no build target found for C:\Users\sman5\Desktop\Java\Interface\src\LaunchInterface1.java. Using fallback presentation compiler.
2026.03.02 13:03:28 INFO  no build target found for C:\Users\sman5\Desktop\Java\Interface\src\LaunchInterface1.java. Using fallback presentation compiler.
2026.03.02 13:03:28 INFO  no build target found for C:\Users\sman5\Desktop\Java\Interface\src\LaunchInterface1.java. Using fallback presentation compiler.
2026.03.02 13:03:28 INFO  no build target found for C:\Users\sman5\Desktop\Java\Interface\src\LaunchInterface1.java. Using fallback presentation compiler.
2026.03.02 13:03:28 INFO  no build target found for C:\Users\sman5\Desktop\Java\Interface\src\LaunchInterface1.java. Using fallback presentation compiler.
2026.03.02 13:03:28 INFO  no build target found for C:\Users\sman5\Desktop\Java\Interface\src\LaunchInterface1.java. Using fallback presentation compiler.
2026.03.02 13:03:29 INFO  no build target found for C:\Users\sman5\Desktop\Java\Interface\src\LaunchInterface1.java. Using fallback presentation compiler.
2026.03.02 13:03:30 INFO  no build target found for C:\Users\sman5\Desktop\Java\Interface\src\LaunchInterface1.java. Using fallback presentation compiler.
2026.03.02 13:03:30 INFO  no build target found for C:\Users\sman5\Desktop\Java\Interface\src\LaunchInterface1.java. Using fallback presentation compiler.
2026.03.02 13:03:31 INFO  no build target found for C:\Users\sman5\Desktop\Java\Interface\src\LaunchInterface1.java. Using fallback presentation compiler.
2026.03.02 13:03:30 INFO  no build target found for C:\Users\sman5\Desktop\Java\Interface\src\LaunchInterface1.java. Using fallback presentation compiler.
2026.03.02 13:03:31 INFO  no build target found for C:\Users\sman5\Desktop\Java\Interface\src\LaunchInterface1.java. Using fallback presentation compiler.
2026.03.02 13:03:30 INFO  no build target found for C:\Users\sman5\Desktop\Java\Interface\src\LaunchInterface1.java. Using fallback presentation compiler.
2026.03.02 13:03:32 INFO  no build target found for C:\Users\sman5\Desktop\Java\Interface\src\LaunchInterface1.java. Using fallback presentation compiler.
2026.03.02 13:03:32 INFO  no build target found for C:\Users\sman5\Desktop\Java\Interface\src\LaunchInterface1.java. Using fallback presentation compiler.
2026.03.02 13:03:32 INFO  no build target found for C:\Users\sman5\Desktop\Java\Interface\src\LaunchInterface1.java. Using fallback presentation compiler.
2026.03.02 13:03:32 INFO  no build target found for C:\Users\sman5\Desktop\Java\Interface\src\LaunchInterface1.java. Using fallback presentation compiler.
2026.03.02 13:03:32 INFO  no build target found for C:\Users\sman5\Desktop\Java\Interface\src\LaunchInterface1.java. Using fallback presentation compiler.
2026.03.02 13:03:32 INFO  no build target found for C:\Users\sman5\Desktop\Java\Interface\src\LaunchInterface1.java. Using fallback presentation compiler.
2026.03.02 13:03:32 INFO  no build target found for C:\Users\sman5\Desktop\Java\Interface\src\LaunchInterface1.java. Using fallback presentation compiler.
2026.03.02 13:03:32 INFO  no build target found for C:\Users\sman5\Desktop\Java\Interface\src\LaunchInterface1.java. Using fallback presentation compiler.
2026.03.02 13:03:33 INFO  QDox parse error in file:///C:/Users/sman5/Desktop/Java/Interface/src/LaunchInterface1.java (full report at: "C:\Users\sman5\Desktop\Java\Interface\.metals\.reports\metals-full\2026-03-02\r_qdox-error_13-00-36-123.md")
2026.03.02 13:03:32 WARN  no build target for: C:\Users\sman5\Desktop\Java\Interface\src\LaunchInterface1.java
2026.03.02 13:03:33 INFO  no build target found for C:\Users\sman5\Desktop\Java\Interface\src\LaunchInterface1.java. Using fallback presentation compiler.
2026.03.02 13:03:33 WARN  Running javac-semanticdb failed for file:///C:/Users/sman5/Desktop/Java/Interface/src/LaunchInterface1.java. Output:

2026.03.02 13:03:33 INFO  no build target found for C:\Users\sman5\Desktop\Java\Interface\src\LaunchInterface1.java. Using fallback presentation compiler.
2026.03.02 13:03:33 INFO  no build target found for C:\Users\sman5\Desktop\Java\Interface\src\LaunchInterface1.java. Using fallback presentation compiler.
2026.03.02 13:03:33 INFO  no build target found for C:\Users\sman5\Desktop\Java\Interface\src\LaunchInterface1.java. Using fallback presentation compiler.
2026.03.02 13:03:33 INFO  no build target found for C:\Users\sman5\Desktop\Java\Interface\src\LaunchInterface1.java. Using fallback presentation compiler.
2026.03.02 13:03:33 INFO  no build target found for C:\Users\sman5\Desktop\Java\Interface\src\LaunchInterface1.java. Using fallback presentation compiler.
2026.03.02 13:03:33 WARN  Running javac-semanticdb failed for file:///C:/Users/sman5/Desktop/Java/Interface/src/LaunchInterface1.java. Output:

2026.03.02 13:03:33 WARN  no build target for: C:\Users\sman5\Desktop\Java\Interface\src\LaunchInterface1.java
2026.03.02 13:03:33 INFO  no build target found for C:\Users\sman5\Desktop\Java\Interface\src\LaunchInterface1.java. Using fallback presentation compiler.
2026.03.02 13:03:33 INFO  no build target found for C:\Users\sman5\Desktop\Java\Interface\src\LaunchInterface1.java. Using fallback presentation compiler.
2026.03.02 13:03:34 INFO  no build target found for C:\Users\sman5\Desktop\Java\Interface\src\LaunchInterface1.java. Using fallback presentation compiler.
2026.03.02 13:03:34 INFO  no build target found for C:\Users\sman5\Desktop\Java\Interface\src\LaunchInterface1.java. Using fallback presentation compiler.
2026.03.02 13:03:34 INFO  no build target found for C:\Users\sman5\Desktop\Java\Interface\src\LaunchInterface1.java. Using fallback presentation compiler.
2026.03.02 13:03:34 INFO  no build target found for C:\Users\sman5\Desktop\Java\Interface\src\LaunchInterface1.java. Using fallback presentation compiler.
2026.03.02 13:03:34 INFO  no build target found for C:\Users\sman5\Desktop\Java\Interface\src\LaunchInterface1.java. Using fallback presentation compiler.
2026.03.02 13:03:34 INFO  no build target found for C:\Users\sman5\Desktop\Java\Interface\src\LaunchInterface1.java. Using fallback presentation compiler.
2026.03.02 13:03:34 INFO  no build target found for C:\Users\sman5\Desktop\Java\Interface\src\LaunchInterface1.java. Using fallback presentation compiler.
2026.03.02 13:03:34 INFO  no build target found for C:\Users\sman5\Desktop\Java\Interface\src\LaunchInterface1.java. Using fallback presentation compiler.
2026.03.02 13:03:35 INFO  no build target found for C:\Users\sman5\Desktop\Java\Interface\src\LaunchInterface1.java. Using fallback presentation compiler.
2026.03.02 13:03:34 INFO  no build target found for C:\Users\sman5\Desktop\Java\Interface\src\LaunchInterface1.java. Using fallback presentation compiler.
2026.03.02 13:03:34 INFO  no build target found for C:\Users\sman5\Desktop\Java\Interface\src\LaunchInterface1.java. Using fallback presentation compiler.
2026.03.02 13:03:34 INFO  no build target found for C:\Users\sman5\Desktop\Java\Interface\src\LaunchInterface1.java. Using fallback presentation compiler.
2026.03.02 13:03:35 INFO  no build target found for C:\Users\sman5\Desktop\Java\Interface\src\LaunchInterface1.java. Using fallback presentation compiler.
2026.03.02 13:03:35 INFO  no build target found for C:\Users\sman5\Desktop\Java\Interface\src\LaunchInterface1.java. Using fallback presentation compiler.
2026.03.02 13:03:35 INFO  no build target found for C:\Users\sman5\Desktop\Java\Interface\src\LaunchInterface1.java. Using fallback presentation compiler.
2026.03.02 13:03:35 INFO  no build target found for C:\Users\sman5\Desktop\Java\Interface\src\LaunchInterface1.java. Using fallback presentation compiler.
2026.03.02 13:03:35 INFO  no build target found for C:\Users\sman5\Desktop\Java\Interface\src\LaunchInterface1.java. Using fallback presentation compiler.
2026.03.02 13:03:36 WARN  no build target for: C:\Users\sman5\Desktop\Java\Interface\src\LaunchInterface1.java
2026.03.02 13:03:36 INFO  no build target found for C:\Users\sman5\Desktop\Java\Interface\src\LaunchInterface1.java. Using fallback presentation compiler.
2026.03.02 13:03:35 INFO  no build target found for C:\Users\sman5\Desktop\Java\Interface\src\LaunchInterface1.java. Using fallback presentation compiler.
2026.03.02 13:03:36 INFO  no build target found for C:\Users\sman5\Desktop\Java\Interface\src\LaunchInterface1.java. Using fallback presentation compiler.
2026.03.02 13:03:38 INFO  no build target found for C:\Users\sman5\Desktop\Java\Interface\src\LaunchInterface1.java. Using fallback presentation compiler.
2026.03.02 13:03:38 INFO  no build target found for C:\Users\sman5\Desktop\Java\Interface\src\LaunchInterface1.java. Using fallback presentation compiler.
2026.03.02 13:03:38 INFO  no build target found for C:\Users\sman5\Desktop\Java\Interface\src\LaunchInterface1.java. Using fallback presentation compiler.
2026.03.02 13:03:39 INFO  no build target found for C:\Users\sman5\Desktop\Java\Interface\src\LaunchInterface1.java. Using fallback presentation compiler.
2026.03.02 13:03:38 INFO  no build target found for C:\Users\sman5\Desktop\Java\Interface\src\LaunchInterface1.java. Using fallback presentation compiler.
2026.03.02 13:03:39 WARN  no build target for: C:\Users\sman5\Desktop\Java\Interface\src\LaunchInterface1.java
2026.03.02 13:03:39 INFO  no build target found for C:\Users\sman5\Desktop\Java\Interface\src\LaunchInterface1.java. Using fallback presentation compiler.
2026.03.02 13:03:39 INFO  no build target found for C:\Users\sman5\Desktop\Java\Interface\src\LaunchInterface1.java. Using fallback presentation compiler.
2026.03.02 13:03:39 INFO  no build target found for C:\Users\sman5\Desktop\Java\Interface\src\LaunchInterface1.java. Using fallback presentation compiler.
2026.03.02 13:03:39 INFO  no build target found for C:\Users\sman5\Desktop\Java\Interface\src\LaunchInterface1.java. Using fallback presentation compiler.
2026.03.02 13:03:40 INFO  no build target found for C:\Users\sman5\Desktop\Java\Interface\src\LaunchInterface1.java. Using fallback presentation compiler.
2026.03.02 13:03:40 WARN  no build target for: C:\Users\sman5\Desktop\Java\Interface\src\LaunchInterface1.java
2026.03.02 13:03:40 INFO  no build target found for C:\Users\sman5\Desktop\Java\Interface\src\LaunchInterface1.java. Using fallback presentation compiler.
2026.03.02 13:03:39 INFO  no build target found for C:\Users\sman5\Desktop\Java\Interface\src\LaunchInterface1.java. Using fallback presentation compiler.
2026.03.02 13:03:40 INFO  no build target found for C:\Users\sman5\Desktop\Java\Interface\src\LaunchInterface1.java. Using fallback presentation compiler.
2026.03.02 13:03:40 INFO  no build target found for C:\Users\sman5\Desktop\Java\Interface\src\LaunchInterface1.java. Using fallback presentation compiler.
2026.03.02 13:03:40 INFO  no build target found for C:\Users\sman5\Desktop\Java\Interface\src\LaunchInterface1.java. Using fallback presentation compiler.
2026.03.02 13:03:41 INFO  no build target found for C:\Users\sman5\Desktop\Java\Interface\src\LaunchInterface1.java. Using fallback presentation compiler.
2026.03.02 13:03:40 WARN  no build target for: C:\Users\sman5\Desktop\Java\Interface\src\LaunchInterface1.java
2026.03.02 13:03:41 INFO  no build target found for C:\Users\sman5\Desktop\Java\Interface\src\LaunchInterface1.java. Using fallback presentation compiler.
2026.03.02 13:03:40 INFO  no build target found for C:\Users\sman5\Desktop\Java\Interface\src\LaunchInterface1.java. Using fallback presentation compiler.
2026.03.02 13:03:45 INFO  no build target found for C:\Users\sman5\Desktop\Java\Interface\src\LaunchInterface1.java. Using fallback presentation compiler.
2026.03.02 13:03:45 INFO  no build target found for C:\Users\sman5\Desktop\Java\Interface\src\LaunchInterface1.java. Using fallback presentation compiler.
2026.03.02 13:03:45 INFO  no build target found for C:\Users\sman5\Desktop\Java\Interface\src\LaunchInterface1.java. Using fallback presentation compiler.
2026.03.02 13:03:45 INFO  no build target found for C:\Users\sman5\Desktop\Java\Interface\src\LaunchInterface1.java. Using fallback presentation compiler.
2026.03.02 13:03:45 INFO  no build target found for C:\Users\sman5\Desktop\Java\Interface\src\LaunchInterface1.java. Using fallback presentation compiler.
2026.03.02 13:03:45 INFO  no build target found for C:\Users\sman5\Desktop\Java\Interface\src\LaunchInterface1.java. Using fallback presentation compiler.
2026.03.02 13:03:45 INFO  no build target found for C:\Users\sman5\Desktop\Java\Interface\src\LaunchInterface1.java. Using fallback presentation compiler.
2026.03.02 13:03:46 INFO  no build target found for C:\Users\sman5\Desktop\Java\Interface\src\LaunchInterface1.java. Using fallback presentation compiler.
2026.03.02 13:03:46 INFO  no build target found for C:\Users\sman5\Desktop\Java\Interface\src\LaunchInterface1.java. Using fallback presentation compiler.
2026.03.02 13:03:46 INFO  no build target found for C:\Users\sman5\Desktop\Java\Interface\src\LaunchInterface1.java. Using fallback presentation compiler.
2026.03.02 13:03:46 INFO  no build target found for C:\Users\sman5\Desktop\Java\Interface\src\LaunchInterface1.java. Using fallback presentation compiler.
2026.03.02 13:03:46 INFO  no build target found for C:\Users\sman5\Desktop\Java\Interface\src\LaunchInterface1.java. Using fallback presentation compiler.
2026.03.02 13:03:46 INFO  no build target found for C:\Users\sman5\Desktop\Java\Interface\src\LaunchInterface1.java. Using fallback presentation compiler.
2026.03.02 13:03:46 WARN  no build target for: C:\Users\sman5\Desktop\Java\Interface\src\LaunchInterface1.java
2026.03.02 13:03:47 INFO  no build target found for C:\Users\sman5\Desktop\Java\Interface\src\LaunchInterface1.java. Using fallback presentation compiler.
2026.03.02 13:03:46 INFO  no build target found for C:\Users\sman5\Desktop\Java\Interface\src\LaunchInterface1.java. Using fallback presentation compiler.
2026.03.02 13:03:49 INFO  no build target found for C:\Users\sman5\Desktop\Java\Interface\src\LaunchInterface1.java. Using fallback presentation compiler.
2026.03.02 13:03:49 INFO  no build target found for C:\Users\sman5\Desktop\Java\Interface\src\LaunchInterface1.java. Using fallback presentation compiler.
Mar 02, 2026 1:03:50 PM org.eclipse.lsp4j.jsonrpc.RemoteEndpoint handleCancellation
WARNING: Unmatched cancel notification for request id 651
2026.03.02 13:03:49 INFO  no build target found for C:\Users\sman5\Desktop\Java\Interface\src\LaunchInterface1.java. Using fallback presentation compiler.
2026.03.02 13:03:50 INFO  no build target found for C:\Users\sman5\Desktop\Java\Interface\src\LaunchInterface1.java. Using fallback presentation compiler.
2026.03.02 13:03:50 WARN  no build target for: C:\Users\sman5\Desktop\Java\Interface\src\LaunchInterface1.java
2026.03.02 13:03:50 INFO  no build target found for C:\Users\sman5\Desktop\Java\Interface\src\LaunchInterface1.java. Using fallback presentation compiler.
2026.03.02 13:03:51 INFO  no build target found for C:\Users\sman5\Desktop\Java\Interface\src\LaunchInterface1.java. Using fallback presentation compiler.
2026.03.02 13:04:22 INFO  no build target found for C:\Users\sman5\Desktop\Java\Interface\src\LaunchInterface1.java. Using fallback presentation compiler.
Mar 02, 2026 1:04:22 PM org.eclipse.lsp4j.jsonrpc.RemoteEndpoint handleCancellation
WARNING: Unmatched cancel notification for request id 666
2026.03.02 13:04:22 INFO  no build target found for C:\Users\sman5\Desktop\Java\Interface\src\LaunchInterface1.java. Using fallback presentation compiler.
2026.03.02 13:04:22 INFO  no build target found for C:\Users\sman5\Desktop\Java\Interface\src\LaunchInterface1.java. Using fallback presentation compiler.
Mar 02, 2026 1:04:22 PM org.eclipse.lsp4j.jsonrpc.RemoteEndpoint handleCancellation
WARNING: Unmatched cancel notification for request id 668
2026.03.02 13:04:22 INFO  no build target found for C:\Users\sman5\Desktop\Java\Interface\src\LaunchInterface1.java. Using fallback presentation compiler.
2026.03.02 13:04:22 INFO  no build target found for C:\Users\sman5\Desktop\Java\Interface\src\LaunchInterface1.java. Using fallback presentation compiler.
2026.03.02 13:04:22 INFO  no build target found for C:\Users\sman5\Desktop\Java\Interface\src\LaunchInterface1.java. Using fallback presentation compiler.
2026.03.02 13:04:23 WARN  no build target for: C:\Users\sman5\Desktop\Java\Interface\src\LaunchInterface1.java
2026.03.02 13:04:23 INFO  no build target found for C:\Users\sman5\Desktop\Java\Interface\src\LaunchInterface1.java. Using fallback presentation compiler.
2026.03.02 13:04:23 INFO  no build target found for C:\Users\sman5\Desktop\Java\Interface\src\LaunchInterface1.java. Using fallback presentation compiler.
2026.03.02 13:04:23 INFO  no build target found for C:\Users\sman5\Desktop\Java\Interface\src\LaunchInterface1.java. Using fallback presentation compiler.
2026.03.02 13:04:23 INFO  no build target found for C:\Users\sman5\Desktop\Java\Interface\src\LaunchInterface1.java. Using fallback presentation compiler.
2026.03.02 13:04:23 INFO  no build target found for C:\Users\sman5\Desktop\Java\Interface\src\LaunchInterface1.java. Using fallback presentation compiler.
2026.03.02 13:04:23 INFO  no build target found for C:\Users\sman5\Desktop\Java\Interface\src\LaunchInterface1.java. Using fallback presentation compiler.
2026.03.02 13:04:24 WARN  no build target for: C:\Users\sman5\Desktop\Java\Interface\src\LaunchInterface1.java
2026.03.02 13:04:24 INFO  QDox parse error in file:///C:/Users/sman5/Desktop/Java/Interface/src/LaunchInterface1.java (full report at: "C:\Users\sman5\Desktop\Java\Interface\.metals\.reports\metals-full\2026-03-02\r_qdox-error_13-00-36-123.md")
2026.03.02 13:04:24 INFO  no build target found for C:\Users\sman5\Desktop\Java\Interface\src\LaunchInterface1.java. Using fallback presentation compiler.
2026.03.02 13:04:23 INFO  no build target found for C:\Users\sman5\Desktop\Java\Interface\src\LaunchInterface1.java. Using fallback presentation compiler.
2026.03.02 13:04:23 INFO  no build target found for C:\Users\sman5\Desktop\Java\Interface\src\LaunchInterface1.java. Using fallback presentation compiler.
2026.03.02 13:04:24 INFO  no build target found for C:\Users\sman5\Desktop\Java\Interface\src\LaunchInterface1.java. Using fallback presentation compiler.
2026.03.02 13:04:24 INFO  no build target found for C:\Users\sman5\Desktop\Java\Interface\src\LaunchInterface1.java. Using fallback presentation compiler.
2026.03.02 13:04:24 WARN  Running javac-semanticdb failed for file:///C:/Users/sman5/Desktop/Java/Interface/src/LaunchInterface1.java. Output:

2026.03.02 13:04:24 INFO  no build target found for C:\Users\sman5\Desktop\Java\Interface\src\LaunchInterface1.java. Using fallback presentation compiler.
2026.03.02 13:04:24 INFO  no build target found for C:\Users\sman5\Desktop\Java\Interface\src\LaunchInterface1.java. Using fallback presentation compiler.
2026.03.02 13:04:24 INFO  no build target found for C:\Users\sman5\Desktop\Java\Interface\src\LaunchInterface1.java. Using fallback presentation compiler.
2026.03.02 13:04:25 INFO  no build target found for C:\Users\sman5\Desktop\Java\Interface\src\LaunchInterface1.java. Using fallback presentation compiler.
2026.03.02 13:04:24 WARN  Running javac-semanticdb failed for file:///C:/Users/sman5/Desktop/Java/Interface/src/LaunchInterface1.java. Output:

2026.03.02 13:04:25 INFO  QDox parse error in file:///C:/Users/sman5/Desktop/Java/Interface/src/LaunchInterface1.java (full report at: "C:\Users\sman5\Desktop\Java\Interface\.metals\.reports\metals-full\2026-03-02\r_qdox-error_13-00-36-123.md")
2026.03.02 13:04:25 WARN  no build target for: C:\Users\sman5\Desktop\Java\Interface\src\LaunchInterface1.java
2026.03.02 13:04:25 INFO  no build target found for C:\Users\sman5\Desktop\Java\Interface\src\LaunchInterface1.java. Using fallback presentation compiler.
2026.03.02 13:04:24 INFO  no build target found for C:\Users\sman5\Desktop\Java\Interface\src\LaunchInterface1.java. Using fallback presentation compiler.
2026.03.02 13:04:27 INFO  no build target found for C:\Users\sman5\Desktop\Java\Interface\src\LaunchInterface1.java. Using fallback presentation compiler.
2026.03.02 13:04:27 INFO  no build target found for C:\Users\sman5\Desktop\Java\Interface\src\LaunchInterface1.java. Using fallback presentation compiler.
2026.03.02 13:04:27 INFO  no build target found for C:\Users\sman5\Desktop\Java\Interface\src\LaunchInterface1.java. Using fallback presentation compiler.
2026.03.02 13:04:28 INFO  no build target found for C:\Users\sman5\Desktop\Java\Interface\src\LaunchInterface1.java. Using fallback presentation compiler.
2026.03.02 13:04:28 WARN  Running javac-semanticdb failed for file:///C:/Users/sman5/Desktop/Java/Interface/src/LaunchInterface1.java. Output:

2026.03.02 13:04:28 WARN  no build target for: C:\Users\sman5\Desktop\Java\Interface\src\LaunchInterface1.java
2026.03.02 13:04:28 INFO  no build target found for C:\Users\sman5\Desktop\Java\Interface\src\LaunchInterface1.java. Using fallback presentation compiler.
2026.03.02 13:04:28 INFO  no build target found for C:\Users\sman5\Desktop\Java\Interface\src\LaunchInterface1.java. Using fallback presentation compiler.
2026.03.02 13:04:30 INFO  no build target found for C:\Users\sman5\Desktop\Java\Interface\src\LaunchInterface1.java. Using fallback presentation compiler.
2026.03.02 13:04:30 INFO  no build target found for C:\Users\sman5\Desktop\Java\Interface\src\LaunchInterface1.java. Using fallback presentation compiler.
2026.03.02 13:04:31 INFO  no build target found for C:\Users\sman5\Desktop\Java\Interface\src\LaunchInterface1.java. Using fallback presentation compiler.
2026.03.02 13:04:31 INFO  no build target found for C:\Users\sman5\Desktop\Java\Interface\src\LaunchInterface1.java. Using fallback presentation compiler.
2026.03.02 13:04:31 INFO  no build target found for C:\Users\sman5\Desktop\Java\Interface\src\LaunchInterface1.java. Using fallback presentation compiler.
2026.03.02 13:04:31 INFO  no build target found for C:\Users\sman5\Desktop\Java\Interface\src\LaunchInterface1.java. Using fallback presentation compiler.
2026.03.02 13:04:32 INFO  no build target found for C:\Users\sman5\Desktop\Java\Interface\src\LaunchInterface1.java. Using fallback presentation compiler.
2026.03.02 13:04:32 WARN  no build target for: C:\Users\sman5\Desktop\Java\Interface\src\LaunchInterface1.java
2026.03.02 13:04:32 INFO  no build target found for C:\Users\sman5\Desktop\Java\Interface\src\LaunchInterface1.java. Using fallback presentation compiler.
2026.03.02 13:04:32 INFO  no build target found for C:\Users\sman5\Desktop\Java\Interface\src\LaunchInterface1.java. Using fallback presentation compiler.
2026.03.02 13:04:32 INFO  no build target found for C:\Users\sman5\Desktop\Java\Interface\src\LaunchInterface1.java. Using fallback presentation compiler.
2026.03.02 13:04:32 INFO  no build target found for C:\Users\sman5\Desktop\Java\Interface\src\LaunchInterface1.java. Using fallback presentation compiler.
2026.03.02 13:04:32 INFO  no build target found for C:\Users\sman5\Desktop\Java\Interface\src\LaunchInterface1.java. Using fallback presentation compiler.
2026.03.02 13:04:32 INFO  no build target found for C:\Users\sman5\Desktop\Java\Interface\src\LaunchInterface1.java. Using fallback presentation compiler.
2026.03.02 13:04:33 INFO  no build target found for C:\Users\sman5\Desktop\Java\Interface\src\LaunchInterface1.java. Using fallback presentation compiler.
2026.03.02 13:04:33 WARN  no build target for: C:\Users\sman5\Desktop\Java\Interface\src\LaunchInterface1.java
2026.03.02 13:04:34 INFO  no build target found for C:\Users\sman5\Desktop\Java\Interface\src\LaunchInterface1.java. Using fallback presentation compiler.
2026.03.02 13:04:34 INFO  no build target found for C:\Users\sman5\Desktop\Java\Interface\src\LaunchInterface1.java. Using fallback presentation compiler.
2026.03.02 13:04:34 INFO  no build target found for C:\Users\sman5\Desktop\Java\Interface\src\LaunchInterface1.java. Using fallback presentation compiler.
2026.03.02 13:04:33 WARN  no build target for: C:\Users\sman5\Desktop\Java\Interface\src\LaunchInterface1.java
2026.03.02 13:04:34 INFO  no build target found for C:\Users\sman5\Desktop\Java\Interface\src\LaunchInterface1.java. Using fallback presentation compiler.
2026.03.02 13:04:40 INFO  no build target found for C:\Users\sman5\Desktop\Java\Interface\src\LaunchInterface1.java. Using fallback presentation compiler.
2026.03.02 13:04:40 INFO  no build target found for C:\Users\sman5\Desktop\Java\Interface\src\LaunchInterface1.java. Using fallback presentation compiler.
2026.03.02 13:04:40 INFO  no build target found for C:\Users\sman5\Desktop\Java\Interface\src\LaunchInterface1.java. Using fallback presentation compiler.
Mar 02, 2026 1:04:41 PM org.eclipse.lsp4j.jsonrpc.RemoteEndpoint handleCancellation
WARNING: Unmatched cancel notification for request id 759
2026.03.02 13:04:43 INFO  no build target found for C:\Users\sman5\Desktop\Java\Interface\src\LaunchInterface1.java. Using fallback presentation compiler.
2026.03.02 13:04:43 INFO  no build target found for C:\Users\sman5\Desktop\Java\Interface\src\LaunchInterface1.java. Using fallback presentation compiler.
2026.03.02 13:04:43 INFO  no build target found for C:\Users\sman5\Desktop\Java\Interface\src\LaunchInterface1.java. Using fallback presentation compiler.
2026.03.02 13:04:44 INFO  no build target found for C:\Users\sman5\Desktop\Java\Interface\src\LaunchInterface1.java. Using fallback presentation compiler.
2026.03.02 13:04:44 WARN  no build target for: C:\Users\sman5\Desktop\Java\Interface\src\LaunchInterface1.java
2026.03.02 13:04:43 INFO  no build target found for C:\Users\sman5\Desktop\Java\Interface\src\LaunchInterface1.java. Using fallback presentation compiler.
2026.03.02 13:04:44 INFO  no build target found for C:\Users\sman5\Desktop\Java\Interface\src\LaunchInterface1.java. Using fallback presentation compiler.
2026.03.02 13:04:44 INFO  no build target found for C:\Users\sman5\Desktop\Java\Interface\src\LaunchInterface1.java. Using fallback presentation compiler.
2026.03.02 13:04:44 INFO  no build target found for C:\Users\sman5\Desktop\Java\Interface\src\LaunchInterface1.java. Using fallback presentation compiler.
2026.03.02 13:04:45 INFO  no build target found for C:\Users\sman5\Desktop\Java\Interface\src\LaunchInterface1.java. Using fallback presentation compiler.
2026.03.02 13:04:45 WARN  no build target for: C:\Users\sman5\Desktop\Java\Interface\src\LaunchInterface1.java
2026.03.02 13:04:45 INFO  no build target found for C:\Users\sman5\Desktop\Java\Interface\src\LaunchInterface1.java. Using fallback presentation compiler.
Mar 02, 2026 1:04:54 PM org.eclipse.lsp4j.jsonrpc.services.GenericEndpoint notify
INFO: Unsupported notification method: $/setTrace
2026.03.02 13:04:55 INFO  no build target found for C:\Users\sman5\Desktop\Java\Interface\src\LaunchInterface1.java. Using fallback presentation compiler.
2026.03.02 13:04:55 INFO  no build target found for C:\Users\sman5\Desktop\Java\Interface\src\LaunchInterface1.java. Using fallback presentation compiler.
2026.03.02 13:04:59 INFO  no build target found for C:\Users\sman5\Desktop\Java\Interface\src\LaunchInterface1.java. Using fallback presentation compiler.
2026.03.02 13:04:59 INFO  no build target found for C:\Users\sman5\Desktop\Java\Interface\src\LaunchInterface1.java. Using fallback presentation compiler.
2026.03.02 13:04:59 INFO  no build target found for C:\Users\sman5\Desktop\Java\Interface\src\LaunchInterface1.java. Using fallback presentation compiler.
2026.03.02 13:04:59 INFO  no build target found for C:\Users\sman5\Desktop\Java\Interface\src\LaunchInterface1.java. Using fallback presentation compiler.
2026.03.02 13:05:39 INFO  no build target found for C:\Users\sman5\Desktop\Java\Interface\src\LaunchInterface1.java. Using fallback presentation compiler.
2026.03.02 13:05:39 INFO  no build target found for C:\Users\sman5\Desktop\Java\Interface\src\LaunchInterface1.java. Using fallback presentation compiler.
2026.03.02 13:05:39 INFO  no build target found for C:\Users\sman5\Desktop\Java\Interface\src\LaunchInterface1.java. Using fallback presentation compiler.
2026.03.02 13:06:17 INFO  no build target found for C:\Users\sman5\Desktop\Java\Interface\src\LaunchInterface1.java. Using fallback presentation compiler.
2026.03.02 13:06:21 INFO  no build target found for C:\Users\sman5\Desktop\Java\Interface\src\LaunchInterface1.java. Using fallback presentation compiler.
Mar 02, 2026 1:06:29 PM org.eclipse.lsp4j.jsonrpc.services.GenericEndpoint notify
INFO: Unsupported notification method: $/setTrace
2026.03.02 13:06:31 INFO  no build target found for C:\Users\sman5\Desktop\Java\Interface\src\LaunchInterface1.java. Using fallback presentation compiler.
2026.03.02 13:06:31 INFO  no build target found for C:\Users\sman5\Desktop\Java\Interface\src\LaunchInterface1.java. Using fallback presentation compiler.
2026.03.02 13:06:31 INFO  no build target found for C:\Users\sman5\Desktop\Java\Interface\src\LaunchInterface1.java. Using fallback presentation compiler.
2026.03.02 13:06:31 INFO  no build target found for C:\Users\sman5\Desktop\Java\Interface\src\LaunchInterface1.java. Using fallback presentation compiler.
2026.03.02 13:06:32 INFO  no build target found for C:\Users\sman5\Desktop\Java\Interface\src\LaunchInterface1.java. Using fallback presentation compiler.
2026.03.02 13:06:31 INFO  no build target found for C:\Users\sman5\Desktop\Java\Interface\src\LaunchInterface1.java. Using fallback presentation compiler.
2026.03.02 13:06:31 INFO  no build target found for C:\Users\sman5\Desktop\Java\Interface\src\LaunchInterface1.java. Using fallback presentation compiler.
2026.03.02 13:06:32 INFO  no build target found for C:\Users\sman5\Desktop\Java\Interface\src\LaunchInterface1.java. Using fallback presentation compiler.
2026.03.02 13:06:32 WARN  no build target for: C:\Users\sman5\Desktop\Java\Interface\src\LaunchInterface1.java
2026.03.02 13:06:32 INFO  no build target found for C:\Users\sman5\Desktop\Java\Interface\src\LaunchInterface1.java. Using fallback presentation compiler.
2026.03.02 13:06:32 INFO  QDox parse error in file:///C:/Users/sman5/Desktop/Java/Interface/src/LaunchInterface1.java (full report at: "C:\Users\sman5\Desktop\Java\Interface\.metals\.reports\metals-full\2026-03-02\r_qdox-error_13-00-36-123.md")
2026.03.02 13:06:33 INFO  no build target found for C:\Users\sman5\Desktop\Java\Interface\src\LaunchInterface1.java. Using fallback presentation compiler.
2026.03.02 13:06:33 INFO  no build target found for C:\Users\sman5\Desktop\Java\Interface\src\LaunchInterface1.java. Using fallback presentation compiler.
2026.03.02 13:06:37 INFO  no build target found for C:\Users\sman5\Desktop\Java\Interface\src\LaunchInterface1.java. Using fallback presentation compiler.
2026.03.02 13:06:37 INFO  no build target found for C:\Users\sman5\Desktop\Java\Interface\src\LaunchInterface1.java. Using fallback presentation compiler.
2026.03.02 13:06:37 INFO  no build target found for C:\Users\sman5\Desktop\Java\Interface\src\LaunchInterface1.java. Using fallback presentation compiler.
2026.03.02 13:06:37 WARN  Running javac-semanticdb failed for file:///C:/Users/sman5/Desktop/Java/Interface/src/LaunchInterface1.java. Output:

2026.03.02 13:06:37 INFO  no build target found for C:\Users\sman5\Desktop\Java\Interface\src\LaunchInterface1.java. Using fallback presentation compiler.
2026.03.02 13:06:37 INFO  QDox parse error in file:///C:/Users/sman5/Desktop/Java/Interface/src/LaunchInterface1.java (full report at: "C:\Users\sman5\Desktop\Java\Interface\.metals\.reports\metals-full\2026-03-02\r_qdox-error_13-00-36-123.md")
2026.03.02 13:06:38 WARN  no build target for: C:\Users\sman5\Desktop\Java\Interface\src\LaunchInterface1.java
2026.03.02 13:06:38 INFO  no build target found for C:\Users\sman5\Desktop\Java\Interface\src\LaunchInterface1.java. Using fallback presentation compiler.
2026.03.02 13:06:37 INFO  no build target found for C:\Users\sman5\Desktop\Java\Interface\src\LaunchInterface1.java. Using fallback presentation compiler.
2026.03.02 13:06:38 INFO  no build target found for C:\Users\sman5\Desktop\Java\Interface\src\LaunchInterface1.java. Using fallback presentation compiler.
2026.03.02 13:06:38 INFO  no build target found for C:\Users\sman5\Desktop\Java\Interface\src\LaunchInterface1.java. Using fallback presentation compiler.
2026.03.02 13:06:38 WARN  Running javac-semanticdb failed for file:///C:/Users/sman5/Desktop/Java/Interface/src/LaunchInterface1.java. Output:

2026.03.02 13:06:38 WARN  no build target for: C:\Users\sman5\Desktop\Java\Interface\src\LaunchInterface1.java
2026.03.02 13:06:38 INFO  no build target found for C:\Users\sman5\Desktop\Java\Interface\src\LaunchInterface1.java. Using fallback presentation compiler.
2026.03.02 13:06:38 INFO  no build target found for C:\Users\sman5\Desktop\Java\Interface\src\LaunchInterface1.java. Using fallback presentation compiler.
2026.03.02 13:06:38 INFO  no build target found for C:\Users\sman5\Desktop\Java\Interface\src\LaunchInterface1.java. Using fallback presentation compiler.
2026.03.02 13:06:39 INFO  no build target found for C:\Users\sman5\Desktop\Java\Interface\src\LaunchInterface1.java. Using fallback presentation compiler.
2026.03.02 13:06:40 WARN  no build target for: C:\Users\sman5\Desktop\Java\Interface\src\LaunchInterface1.java
2026.03.02 13:06:40 INFO  no build target found for C:\Users\sman5\Desktop\Java\Interface\src\LaunchInterface1.java. Using fallback presentation compiler.
2026.03.02 13:06:40 INFO  no build target found for C:\Users\sman5\Desktop\Java\Interface\src\LaunchInterface1.java. Using fallback presentation compiler.
2026.03.02 13:06:40 INFO  no build target found for C:\Users\sman5\Desktop\Java\Interface\src\LaunchInterface1.java. Using fallback presentation compiler.
2026.03.02 13:06:40 INFO  no build target found for C:\Users\sman5\Desktop\Java\Interface\src\LaunchInterface1.java. Using fallback presentation compiler.
2026.03.02 13:06:41 WARN  no build target for: C:\Users\sman5\Desktop\Java\Interface\src\LaunchInterface1.java
2026.03.02 13:06:41 INFO  no build target found for C:\Users\sman5\Desktop\Java\Interface\src\LaunchInterface1.java. Using fallback presentation compiler.
2026.03.02 13:06:42 INFO  no build target found for C:\Users\sman5\Desktop\Java\Interface\src\LaunchInterface1.java. Using fallback presentation compiler.
2026.03.02 13:06:42 INFO  no build target found for C:\Users\sman5\Desktop\Java\Interface\src\LaunchInterface1.java. Using fallback presentation compiler.
2026.03.02 13:06:42 INFO  no build target found for C:\Users\sman5\Desktop\Java\Interface\src\LaunchInterface1.java. Using fallback presentation compiler.
2026.03.02 13:06:42 INFO  no build target found for C:\Users\sman5\Desktop\Java\Interface\src\LaunchInterface1.java. Using fallback presentation compiler.
2026.03.02 13:06:42 INFO  no build target found for C:\Users\sman5\Desktop\Java\Interface\src\LaunchInterface1.java. Using fallback presentation compiler.
2026.03.02 13:07:02 INFO  no build target found for C:\Users\sman5\Desktop\Java\Interface\src\LaunchInterface1.java. Using fallback presentation compiler.
2026.03.02 13:07:02 INFO  no build target found for C:\Users\sman5\Desktop\Java\Interface\src\LaunchInterface1.java. Using fallback presentation compiler.
2026.03.02 13:07:49 INFO  no build target found for C:\Users\sman5\Desktop\Java\Interface\src\LaunchInterface1.java. Using fallback presentation compiler.
2026.03.02 13:07:49 INFO  no build target found for C:\Users\sman5\Desktop\Java\Interface\src\LaunchInterface1.java. Using fallback presentation compiler.
2026.03.02 13:07:49 INFO  no build target found for C:\Users\sman5\Desktop\Java\Interface\src\LaunchInterface1.java. Using fallback presentation compiler.
2026.03.02 13:07:49 INFO  no build target found for C:\Users\sman5\Desktop\Java\Interface\src\LaunchInterface1.java. Using fallback presentation compiler.
2026.03.02 13:07:50 INFO  no build target found for C:\Users\sman5\Desktop\Java\Interface\src\LaunchInterface1.java. Using fallback presentation compiler.
2026.03.02 13:07:50 WARN  no build target for: C:\Users\sman5\Desktop\Java\Interface\src\LaunchInterface1.java
2026.03.02 13:07:50 INFO  no build target found for C:\Users\sman5\Desktop\Java\Interface\src\LaunchInterface1.java. Using fallback presentation compiler.
2026.03.02 13:08:04 INFO  no build target found for C:\Users\sman5\Desktop\Java\Interface\src\LaunchInterface1.java. Using fallback presentation compiler.
2026.03.02 13:08:06 INFO  no build target found for C:\Users\sman5\Desktop\Java\Interface\src\LaunchInterface1.java. Using fallback presentation compiler.
2026.03.02 13:08:06 INFO  no build target found for C:\Users\sman5\Desktop\Java\Interface\src\LaunchInterface1.java. Using fallback presentation compiler.
2026.03.02 13:08:06 INFO  no build target found for C:\Users\sman5\Desktop\Java\Interface\src\LaunchInterface1.java. Using fallback presentation compiler.
2026.03.02 13:08:06 INFO  no build target found for C:\Users\sman5\Desktop\Java\Interface\src\LaunchInterface1.java. Using fallback presentation compiler.
2026.03.02 13:08:06 INFO  no build target found for C:\Users\sman5\Desktop\Java\Interface\src\LaunchInterface1.java. Using fallback presentation compiler.
2026.03.02 13:08:06 INFO  no build target found for C:\Users\sman5\Desktop\Java\Interface\src\LaunchInterface1.java. Using fallback presentation compiler.
2026.03.02 13:08:06 INFO  no build target found for C:\Users\sman5\Desktop\Java\Interface\src\LaunchInterface1.java. Using fallback presentation compiler.
2026.03.02 13:08:06 INFO  no build target found for C:\Users\sman5\Desktop\Java\Interface\src\LaunchInterface1.java. Using fallback presentation compiler.
2026.03.02 13:08:06 INFO  no build target found for C:\Users\sman5\Desktop\Java\Interface\src\LaunchInterface1.java. Using fallback presentation compiler.
2026.03.02 13:08:06 INFO  no build target found for C:\Users\sman5\Desktop\Java\Interface\src\LaunchInterface1.java. Using fallback presentation compiler.
2026.03.02 13:08:06 INFO  QDox parse error in file:///C:/Users/sman5/Desktop/Java/Interface/src/LaunchInterface1.java (full report at: "C:\Users\sman5\Desktop\Java\Interface\.metals\.reports\metals-full\2026-03-02\r_qdox-error_13-00-36-123.md")
2026.03.02 13:08:06 WARN  no build target for: C:\Users\sman5\Desktop\Java\Interface\src\LaunchInterface1.java
2026.03.02 13:08:06 INFO  no build target found for C:\Users\sman5\Desktop\Java\Interface\src\LaunchInterface1.java. Using fallback presentation compiler.
2026.03.02 13:08:07 INFO  no build target found for C:\Users\sman5\Desktop\Java\Interface\src\LaunchInterface1.java. Using fallback presentation compiler.
2026.03.02 13:08:07 INFO  no build target found for C:\Users\sman5\Desktop\Java\Interface\src\LaunchInterface1.java. Using fallback presentation compiler.
2026.03.02 13:08:09 INFO  no build target found for C:\Users\sman5\Desktop\Java\Interface\src\LaunchInterface1.java. Using fallback presentation compiler.
2026.03.02 13:08:09 INFO  no build target found for C:\Users\sman5\Desktop\Java\Interface\src\LaunchInterface1.java. Using fallback presentation compiler.
2026.03.02 13:08:09 INFO  no build target found for C:\Users\sman5\Desktop\Java\Interface\src\LaunchInterface1.java. Using fallback presentation compiler.
2026.03.02 13:08:09 INFO  no build target found for C:\Users\sman5\Desktop\Java\Interface\src\LaunchInterface1.java. Using fallback presentation compiler.
2026.03.02 13:08:09 INFO  no build target found for C:\Users\sman5\Desktop\Java\Interface\src\LaunchInterface1.java. Using fallback presentation compiler.
2026.03.02 13:08:09 WARN  Running javac-semanticdb failed for file:///C:/Users/sman5/Desktop/Java/Interface/src/LaunchInterface1.java. Output:

2026.03.02 13:08:09 WARN  no build target for: C:\Users\sman5\Desktop\Java\Interface\src\LaunchInterface1.java
2026.03.02 13:08:09 INFO  QDox parse error in file:///C:/Users/sman5/Desktop/Java/Interface/src/LaunchInterface1.java (full report at: "C:\Users\sman5\Desktop\Java\Interface\.metals\.reports\metals-full\2026-03-02\r_qdox-error_13-00-36-123.md")
2026.03.02 13:08:09 INFO  no build target found for C:\Users\sman5\Desktop\Java\Interface\src\LaunchInterface1.java. Using fallback presentation compiler.
2026.03.02 13:08:09 INFO  no build target found for C:\Users\sman5\Desktop\Java\Interface\src\LaunchInterface1.java. Using fallback presentation compiler.
2026.03.02 13:08:10 INFO  no build target found for C:\Users\sman5\Desktop\Java\Interface\src\LaunchInterface1.java. Using fallback presentation compiler.
2026.03.02 13:08:13 INFO  no build target found for C:\Users\sman5\Desktop\Java\Interface\src\LaunchInterface1.java. Using fallback presentation compiler.
2026.03.02 13:08:13 INFO  no build target found for C:\Users\sman5\Desktop\Java\Interface\src\LaunchInterface1.java. Using fallback presentation compiler.
2026.03.02 13:08:13 INFO  no build target found for C:\Users\sman5\Desktop\Java\Interface\src\LaunchInterface1.java. Using fallback presentation compiler.
2026.03.02 13:08:13 WARN  Running javac-semanticdb failed for file:///C:/Users/sman5/Desktop/Java/Interface/src/LaunchInterface1.java. Output:

2026.03.02 13:08:13 INFO  no build target found for C:\Users\sman5\Desktop\Java\Interface\src\LaunchInterface1.java. Using fallback presentation compiler.
2026.03.02 13:08:13 INFO  no build target found for C:\Users\sman5\Desktop\Java\Interface\src\LaunchInterface1.java. Using fallback presentation compiler.
Mar 02, 2026 1:08:13 PM org.eclipse.lsp4j.jsonrpc.RemoteEndpoint handleCancellation
WARNING: Unmatched cancel notification for request id 929
2026.03.02 13:08:13 INFO  no build target found for C:\Users\sman5\Desktop\Java\Interface\src\LaunchInterface1.java. Using fallback presentation compiler.
2026.03.02 13:08:13 INFO  no build target found for C:\Users\sman5\Desktop\Java\Interface\src\LaunchInterface1.java. Using fallback presentation compiler.
2026.03.02 13:08:13 WARN  Running javac-semanticdb failed for file:///C:/Users/sman5/Desktop/Java/Interface/src/LaunchInterface1.java. Output:

2026.03.02 13:08:14 WARN  no build target for: C:\Users\sman5\Desktop\Java\Interface\src\LaunchInterface1.java
2026.03.02 13:08:14 INFO  no build target found for C:\Users\sman5\Desktop\Java\Interface\src\LaunchInterface1.java. Using fallback presentation compiler.
2026.03.02 13:08:15 INFO  no build target found for C:\Users\sman5\Desktop\Java\Interface\src\LaunchInterface1.java. Using fallback presentation compiler.
2026.03.02 13:08:15 INFO  no build target found for C:\Users\sman5\Desktop\Java\Interface\src\LaunchInterface1.java. Using fallback presentation compiler.
2026.03.02 13:08:15 INFO  no build target found for C:\Users\sman5\Desktop\Java\Interface\src\LaunchInterface1.java. Using fallback presentation compiler.
2026.03.02 13:08:16 INFO  no build target found for C:\Users\sman5\Desktop\Java\Interface\src\LaunchInterface1.java. Using fallback presentation compiler.
2026.03.02 13:08:16 WARN  no build target for: C:\Users\sman5\Desktop\Java\Interface\src\LaunchInterface1.java
2026.03.02 13:08:16 INFO  QDox parse error in file:///C:/Users/sman5/Desktop/Java/Interface/src/LaunchInterface1.java (full report at: "C:\Users\sman5\Desktop\Java\Interface\.metals\.reports\metals-full\2026-03-02\r_qdox-error_13-00-36-123.md")
2026.03.02 13:08:16 INFO  no build target found for C:\Users\sman5\Desktop\Java\Interface\src\LaunchInterface1.java. Using fallback presentation compiler.
2026.03.02 13:08:15 INFO  no build target found for C:\Users\sman5\Desktop\Java\Interface\src\LaunchInterface1.java. Using fallback presentation compiler.
2026.03.02 13:08:15 INFO  no build target found for C:\Users\sman5\Desktop\Java\Interface\src\LaunchInterface1.java. Using fallback presentation compiler.
2026.03.02 13:08:16 INFO  no build target found for C:\Users\sman5\Desktop\Java\Interface\src\LaunchInterface1.java. Using fallback presentation compiler.
2026.03.02 13:08:16 INFO  no build target found for C:\Users\sman5\Desktop\Java\Interface\src\LaunchInterface1.java. Using fallback presentation compiler.
2026.03.02 13:08:16 INFO  no build target found for C:\Users\sman5\Desktop\Java\Interface\src\LaunchInterface1.java. Using fallback presentation compiler.
2026.03.02 13:08:16 INFO  no build target found for C:\Users\sman5\Desktop\Java\Interface\src\LaunchInterface1.java. Using fallback presentation compiler.
2026.03.02 13:08:16 INFO  no build target found for C:\Users\sman5\Desktop\Java\Interface\src\LaunchInterface1.java. Using fallback presentation compiler.
2026.03.02 13:08:17 INFO  no build target found for C:\Users\sman5\Desktop\Java\Interface\src\LaunchInterface1.java. Using fallback presentation compiler.
2026.03.02 13:08:16 INFO  no build target found for C:\Users\sman5\Desktop\Java\Interface\src\LaunchInterface1.java. Using fallback presentation compiler.
2026.03.02 13:08:17 WARN  Running javac-semanticdb failed for file:///C:/Users/sman5/Desktop/Java/Interface/src/LaunchInterface1.java. Output:

2026.03.02 13:08:16 INFO  no build target found for C:\Users\sman5\Desktop\Java\Interface\src\LaunchInterface1.java. Using fallback presentation compiler.
2026.03.02 13:08:17 WARN  no build target for: C:\Users\sman5\Desktop\Java\Interface\src\LaunchInterface1.java
2026.03.02 13:08:18 INFO  QDox parse error in file:///C:/Users/sman5/Desktop/Java/Interface/src/LaunchInterface1.java (full report at: "C:\Users\sman5\Desktop\Java\Interface\.metals\.reports\metals-full\2026-03-02\r_qdox-error_13-00-36-123.md")
2026.03.02 13:08:18 INFO  no build target found for C:\Users\sman5\Desktop\Java\Interface\src\LaunchInterface1.java. Using fallback presentation compiler.
2026.03.02 13:08:19 INFO  no build target found for C:\Users\sman5\Desktop\Java\Interface\src\LaunchInterface1.java. Using fallback presentation compiler.
2026.03.02 13:08:19 INFO  no build target found for C:\Users\sman5\Desktop\Java\Interface\src\LaunchInterface1.java. Using fallback presentation compiler.
2026.03.02 13:08:19 INFO  no build target found for C:\Users\sman5\Desktop\Java\Interface\src\LaunchInterface1.java. Using fallback presentation compiler.
Mar 02, 2026 1:08:19 PM org.eclipse.lsp4j.jsonrpc.RemoteEndpoint handleCancellation
WARNING: Unmatched cancel notification for request id 971
2026.03.02 13:08:19 INFO  no build target found for C:\Users\sman5\Desktop\Java\Interface\src\LaunchInterface1.java. Using fallback presentation compiler.
2026.03.02 13:08:19 INFO  no build target found for C:\Users\sman5\Desktop\Java\Interface\src\LaunchInterface1.java. Using fallback presentation compiler.
2026.03.02 13:08:19 INFO  no build target found for C:\Users\sman5\Desktop\Java\Interface\src\LaunchInterface1.java. Using fallback presentation compiler.
2026.03.02 13:08:19 INFO  no build target found for C:\Users\sman5\Desktop\Java\Interface\src\LaunchInterface1.java. Using fallback presentation compiler.
2026.03.02 13:08:19 INFO  no build target found for C:\Users\sman5\Desktop\Java\Interface\src\LaunchInterface1.java. Using fallback presentation compiler.
2026.03.02 13:08:19 WARN  Running javac-semanticdb failed for file:///C:/Users/sman5/Desktop/Java/Interface/src/LaunchInterface1.java. Output:

2026.03.02 13:08:20 INFO  QDox parse error in file:///C:/Users/sman5/Desktop/Java/Interface/src/LaunchInterface1.java (full report at: "C:\Users\sman5\Desktop\Java\Interface\.metals\.reports\metals-full\2026-03-02\r_qdox-error_13-00-36-123.md")
2026.03.02 13:08:19 WARN  no build target for: C:\Users\sman5\Desktop\Java\Interface\src\LaunchInterface1.java
2026.03.02 13:08:19 INFO  no build target found for C:\Users\sman5\Desktop\Java\Interface\src\LaunchInterface1.java. Using fallback presentation compiler.
2026.03.02 13:08:20 INFO  no build target found for C:\Users\sman5\Desktop\Java\Interface\src\LaunchInterface1.java. Using fallback presentation compiler.
2026.03.02 13:08:20 INFO  no build target found for C:\Users\sman5\Desktop\Java\Interface\src\LaunchInterface1.java. Using fallback presentation compiler.
2026.03.02 13:08:21 INFO  no build target found for C:\Users\sman5\Desktop\Java\Interface\src\LaunchInterface1.java. Using fallback presentation compiler.
2026.03.02 13:08:22 WARN  Running javac-semanticdb failed for file:///C:/Users/sman5/Desktop/Java/Interface/src/LaunchInterface1.java. Output:

2026.03.02 13:08:22 INFO  no build target found for C:\Users\sman5\Desktop\Java\Interface\src\LaunchInterface1.java. Using fallback presentation compiler.
2026.03.02 13:08:21 INFO  no build target found for C:\Users\sman5\Desktop\Java\Interface\src\LaunchInterface1.java. Using fallback presentation compiler.
2026.03.02 13:08:21 INFO  no build target found for C:\Users\sman5\Desktop\Java\Interface\src\LaunchInterface1.java. Using fallback presentation compiler.
2026.03.02 13:08:21 INFO  no build target found for C:\Users\sman5\Desktop\Java\Interface\src\LaunchInterface1.java. Using fallback presentation compiler.
2026.03.02 13:08:21 INFO  no build target found for C:\Users\sman5\Desktop\Java\Interface\src\LaunchInterface1.java. Using fallback presentation compiler.
2026.03.02 13:08:22 INFO  no build target found for C:\Users\sman5\Desktop\Java\Interface\src\LaunchInterface1.java. Using fallback presentation compiler.
2026.03.02 13:08:21 INFO  no build target found for C:\Users\sman5\Desktop\Java\Interface\src\LaunchInterface1.java. Using fallback presentation compiler.
2026.03.02 13:08:21 INFO  no build target found for C:\Users\sman5\Desktop\Java\Interface\src\LaunchInterface1.java. Using fallback presentation compiler.
2026.03.02 13:08:21 INFO  no build target found for C:\Users\sman5\Desktop\Java\Interface\src\LaunchInterface1.java. Using fallback presentation compiler.
2026.03.02 13:08:22 INFO  no build target found for C:\Users\sman5\Desktop\Java\Interface\src\LaunchInterface1.java. Using fallback presentation compiler.
2026.03.02 13:08:22 WARN  Running javac-semanticdb failed for file:///C:/Users/sman5/Desktop/Java/Interface/src/LaunchInterface1.java. Output:

2026.03.02 13:08:23 WARN  no build target for: C:\Users\sman5\Desktop\Java\Interface\src\LaunchInterface1.java
2026.03.02 13:08:23 INFO  no build target found for C:\Users\sman5\Desktop\Java\Interface\src\LaunchInterface1.java. Using fallback presentation compiler.
2026.03.02 13:08:23 INFO  QDox parse error in file:///C:/Users/sman5/Desktop/Java/Interface/src/LaunchInterface1.java (full report at: "C:\Users\sman5\Desktop\Java\Interface\.metals\.reports\metals-full\2026-03-02\r_qdox-error_13-00-36-123.md")
2026.03.02 13:08:23 INFO  no build target found for C:\Users\sman5\Desktop\Java\Interface\src\LaunchInterface1.java. Using fallback presentation compiler.
2026.03.02 13:08:23 INFO  no build target found for C:\Users\sman5\Desktop\Java\Interface\src\LaunchInterface1.java. Using fallback presentation compiler.
2026.03.02 13:08:23 INFO  no build target found for C:\Users\sman5\Desktop\Java\Interface\src\LaunchInterface1.java. Using fallback presentation compiler.
2026.03.02 13:08:23 INFO  no build target found for C:\Users\sman5\Desktop\Java\Interface\src\LaunchInterface1.java. Using fallback presentation compiler.
2026.03.02 13:08:24 INFO  no build target found for C:\Users\sman5\Desktop\Java\Interface\src\LaunchInterface1.java. Using fallback presentation compiler.
2026.03.02 13:08:24 INFO  no build target found for C:\Users\sman5\Desktop\Java\Interface\src\LaunchInterface1.java. Using fallback presentation compiler.
2026.03.02 13:08:24 WARN  Running javac-semanticdb failed for file:///C:/Users/sman5/Desktop/Java/Interface/src/LaunchInterface1.java. Output:

2026.03.02 13:08:24 WARN  no build target for: C:\Users\sman5\Desktop\Java\Interface\src\LaunchInterface1.java
2026.03.02 13:08:24 INFO  no build target found for C:\Users\sman5\Desktop\Java\Interface\src\LaunchInterface1.java. Using fallback presentation compiler.
2026.03.02 13:08:24 INFO  QDox parse error in file:///C:/Users/sman5/Desktop/Java/Interface/src/LaunchInterface1.java (full report at: "C:\Users\sman5\Desktop\Java\Interface\.metals\.reports\metals-full\2026-03-02\r_qdox-error_13-00-36-123.md")
2026.03.02 13:08:24 INFO  no build target found for C:\Users\sman5\Desktop\Java\Interface\src\LaunchInterface1.java. Using fallback presentation compiler.
2026.03.02 13:08:24 INFO  no build target found for C:\Users\sman5\Desktop\Java\Interface\src\LaunchInterface1.java. Using fallback presentation compiler.
2026.03.02 13:08:24 INFO  no build target found for C:\Users\sman5\Desktop\Java\Interface\src\LaunchInterface1.java. Using fallback presentation compiler.
2026.03.02 13:08:24 INFO  no build target found for C:\Users\sman5\Desktop\Java\Interface\src\LaunchInterface1.java. Using fallback presentation compiler.
2026.03.02 13:08:24 INFO  no build target found for C:\Users\sman5\Desktop\Java\Interface\src\LaunchInterface1.java. Using fallback presentation compiler.
2026.03.02 13:08:24 INFO  no build target found for C:\Users\sman5\Desktop\Java\Interface\src\LaunchInterface1.java. Using fallback presentation compiler.
2026.03.02 13:08:25 INFO  no build target found for C:\Users\sman5\Desktop\Java\Interface\src\LaunchInterface1.java. Using fallback presentation compiler.
2026.03.02 13:08:25 INFO  no build target found for C:\Users\sman5\Desktop\Java\Interface\src\LaunchInterface1.java. Using fallback presentation compiler.
2026.03.02 13:08:25 INFO  no build target found for C:\Users\sman5\Desktop\Java\Interface\src\LaunchInterface1.java. Using fallback presentation compiler.
2026.03.02 13:08:25 INFO  no build target found for C:\Users\sman5\Desktop\Java\Interface\src\LaunchInterface1.java. Using fallback presentation compiler.
2026.03.02 13:08:25 INFO  no build target found for C:\Users\sman5\Desktop\Java\Interface\src\LaunchInterface1.java. Using fallback presentation compiler.
2026.03.02 13:08:25 WARN  Running javac-semanticdb failed for file:///C:/Users/sman5/Desktop/Java/Interface/src/LaunchInterface1.java. Output:

2026.03.02 13:08:25 INFO  QDox parse error in file:///C:/Users/sman5/Desktop/Java/Interface/src/LaunchInterface1.java (full report at: "C:\Users\sman5\Desktop\Java\Interface\.metals\.reports\metals-full\2026-03-02\r_qdox-error_13-00-36-123.md")
2026.03.02 13:08:25 WARN  no build target for: C:\Users\sman5\Desktop\Java\Interface\src\LaunchInterface1.java
2026.03.02 13:08:25 INFO  no build target found for C:\Users\sman5\Desktop\Java\Interface\src\LaunchInterface1.java. Using fallback presentation compiler.
2026.03.02 13:08:25 INFO  no build target found for C:\Users\sman5\Desktop\Java\Interface\src\LaunchInterface1.java. Using fallback presentation compiler.
2026.03.02 13:08:25 INFO  no build target found for C:\Users\sman5\Desktop\Java\Interface\src\LaunchInterface1.java. Using fallback presentation compiler.
2026.03.02 13:08:25 INFO  no build target found for C:\Users\sman5\Desktop\Java\Interface\src\LaunchInterface1.java. Using fallback presentation compiler.
2026.03.02 13:08:26 INFO  no build target found for C:\Users\sman5\Desktop\Java\Interface\src\LaunchInterface1.java. Using fallback presentation compiler.
2026.03.02 13:08:26 INFO  no build target found for C:\Users\sman5\Desktop\Java\Interface\src\LaunchInterface1.java. Using fallback presentation compiler.
2026.03.02 13:08:26 INFO  no build target found for C:\Users\sman5\Desktop\Java\Interface\src\LaunchInterface1.java. Using fallback presentation compiler.
2026.03.02 13:08:26 INFO  no build target found for C:\Users\sman5\Desktop\Java\Interface\src\LaunchInterface1.java. Using fallback presentation compiler.
2026.03.02 13:08:26 INFO  no build target found for C:\Users\sman5\Desktop\Java\Interface\src\LaunchInterface1.java. Using fallback presentation compiler.
2026.03.02 13:08:26 INFO  no build target found for C:\Users\sman5\Desktop\Java\Interface\src\LaunchInterface1.java. Using fallback presentation compiler.
2026.03.02 13:08:26 INFO  no build target found for C:\Users\sman5\Desktop\Java\Interface\src\LaunchInterface1.java. Using fallback presentation compiler.
2026.03.02 13:08:26 INFO  no build target found for C:\Users\sman5\Desktop\Java\Interface\src\LaunchInterface1.java. Using fallback presentation compiler.
2026.03.02 13:08:26 INFO  no build target found for C:\Users\sman5\Desktop\Java\Interface\src\LaunchInterface1.java. Using fallback presentation compiler.
2026.03.02 13:08:26 WARN  Running javac-semanticdb failed for file:///C:/Users/sman5/Desktop/Java/Interface/src/LaunchInterface1.java. Output:

2026.03.02 13:08:27 WARN  no build target for: C:\Users\sman5\Desktop\Java\Interface\src\LaunchInterface1.java
2026.03.02 13:08:26 INFO  QDox parse error in file:///C:/Users/sman5/Desktop/Java/Interface/src/LaunchInterface1.java (full report at: "C:\Users\sman5\Desktop\Java\Interface\.metals\.reports\metals-full\2026-03-02\r_qdox-error_13-00-36-123.md")
2026.03.02 13:08:27 INFO  no build target found for C:\Users\sman5\Desktop\Java\Interface\src\LaunchInterface1.java. Using fallback presentation compiler.
2026.03.02 13:08:27 INFO  no build target found for C:\Users\sman5\Desktop\Java\Interface\src\LaunchInterface1.java. Using fallback presentation compiler.
2026.03.02 13:08:27 INFO  no build target found for C:\Users\sman5\Desktop\Java\Interface\src\LaunchInterface1.java. Using fallback presentation compiler.
2026.03.02 13:08:27 INFO  no build target found for C:\Users\sman5\Desktop\Java\Interface\src\LaunchInterface1.java. Using fallback presentation compiler.
2026.03.02 13:08:28 WARN  Running javac-semanticdb failed for file:///C:/Users/sman5/Desktop/Java/Interface/src/LaunchInterface1.java. Output:

2026.03.02 13:08:27 INFO  no build target found for C:\Users\sman5\Desktop\Java\Interface\src\LaunchInterface1.java. Using fallback presentation compiler.
2026.03.02 13:08:27 INFO  no build target found for C:\Users\sman5\Desktop\Java\Interface\src\LaunchInterface1.java. Using fallback presentation compiler.
2026.03.02 13:08:28 WARN  no build target for: C:\Users\sman5\Desktop\Java\Interface\src\LaunchInterface1.java
2026.03.02 13:08:28 INFO  no build target found for C:\Users\sman5\Desktop\Java\Interface\src\LaunchInterface1.java. Using fallback presentation compiler.
2026.03.02 13:08:28 INFO  QDox parse error in file:///C:/Users/sman5/Desktop/Java/Interface/src/LaunchInterface1.java (full report at: "C:\Users\sman5\Desktop\Java\Interface\.metals\.reports\metals-full\2026-03-02\r_qdox-error_13-00-36-123.md")
2026.03.02 13:08:28 INFO  no build target found for C:\Users\sman5\Desktop\Java\Interface\src\LaunchInterface1.java. Using fallback presentation compiler.
2026.03.02 13:08:28 INFO  no build target found for C:\Users\sman5\Desktop\Java\Interface\src\LaunchInterface1.java. Using fallback presentation compiler.
2026.03.02 13:08:28 INFO  no build target found for C:\Users\sman5\Desktop\Java\Interface\src\LaunchInterface1.java. Using fallback presentation compiler.
2026.03.02 13:08:29 INFO  no build target found for C:\Users\sman5\Desktop\Java\Interface\src\LaunchInterface1.java. Using fallback presentation compiler.
2026.03.02 13:08:29 WARN  Running javac-semanticdb failed for file:///C:/Users/sman5/Desktop/Java/Interface/src/LaunchInterface1.java. Output:

2026.03.02 13:08:29 WARN  no build target for: C:\Users\sman5\Desktop\Java\Interface\src\LaunchInterface1.java
2026.03.02 13:08:29 INFO  no build target found for C:\Users\sman5\Desktop\Java\Interface\src\LaunchInterface1.java. Using fallback presentation compiler.
Mar 02, 2026 1:08:30 PM org.eclipse.lsp4j.jsonrpc.RemoteEndpoint handleCancellation
WARNING: Unmatched cancel notification for request id 1081
2026.03.02 13:08:30 INFO  no build target found for C:\Users\sman5\Desktop\Java\Interface\src\LaunchInterface1.java. Using fallback presentation compiler.
2026.03.02 13:08:30 INFO  no build target found for C:\Users\sman5\Desktop\Java\Interface\src\LaunchInterface1.java. Using fallback presentation compiler.
2026.03.02 13:08:30 INFO  no build target found for C:\Users\sman5\Desktop\Java\Interface\src\LaunchInterface1.java. Using fallback presentation compiler.
2026.03.02 13:08:30 INFO  no build target found for C:\Users\sman5\Desktop\Java\Interface\src\LaunchInterface1.java. Using fallback presentation compiler.
2026.03.02 13:08:30 INFO  no build target found for C:\Users\sman5\Desktop\Java\Interface\src\LaunchInterface1.java. Using fallback presentation compiler.
2026.03.02 13:08:29 INFO  no build target found for C:\Users\sman5\Desktop\Java\Interface\src\LaunchInterface1.java. Using fallback presentation compiler.
2026.03.02 13:08:30 INFO  no build target found for C:\Users\sman5\Desktop\Java\Interface\src\LaunchInterface1.java. Using fallback presentation compiler.
2026.03.02 13:08:30 INFO  no build target found for C:\Users\sman5\Desktop\Java\Interface\src\LaunchInterface1.java. Using fallback presentation compiler.
2026.03.02 13:08:30 INFO  no build target found for C:\Users\sman5\Desktop\Java\Interface\src\LaunchInterface1.java. Using fallback presentation compiler.
2026.03.02 13:08:30 INFO  no build target found for C:\Users\sman5\Desktop\Java\Interface\src\LaunchInterface1.java. Using fallback presentation compiler.
2026.03.02 13:08:31 WARN  no build target for: C:\Users\sman5\Desktop\Java\Interface\src\LaunchInterface1.java
2026.03.02 13:08:31 INFO  no build target found for C:\Users\sman5\Desktop\Java\Interface\src\LaunchInterface1.java. Using fallback presentation compiler.
2026.03.02 13:08:31 INFO  no build target found for C:\Users\sman5\Desktop\Java\Interface\src\LaunchInterface1.java. Using fallback presentation compiler.
2026.03.02 13:08:31 INFO  no build target found for C:\Users\sman5\Desktop\Java\Interface\src\LaunchInterface1.java. Using fallback presentation compiler.
2026.03.02 13:08:33 INFO  no build target found for C:\Users\sman5\Desktop\Java\Interface\src\LaunchInterface1.java. Using fallback presentation compiler.
2026.03.02 13:08:33 INFO  no build target found for C:\Users\sman5\Desktop\Java\Interface\src\LaunchInterface1.java. Using fallback presentation compiler.
2026.03.02 13:08:33 INFO  no build target found for C:\Users\sman5\Desktop\Java\Interface\src\LaunchInterface1.java. Using fallback presentation compiler.
2026.03.02 13:08:33 INFO  no build target found for C:\Users\sman5\Desktop\Java\Interface\src\LaunchInterface1.java. Using fallback presentation compiler.
2026.03.02 13:08:33 WARN  Running javac-semanticdb failed for file:///C:/Users/sman5/Desktop/Java/Interface/src/LaunchInterface1.java. Output:

2026.03.02 13:08:33 INFO  no build target found for C:\Users\sman5\Desktop\Java\Interface\src\LaunchInterface1.java. Using fallback presentation compiler.
2026.03.02 13:08:33 INFO  no build target found for C:\Users\sman5\Desktop\Java\Interface\src\LaunchInterface1.java. Using fallback presentation compiler.
2026.03.02 13:08:33 INFO  no build target found for C:\Users\sman5\Desktop\Java\Interface\src\LaunchInterface1.java. Using fallback presentation compiler.
2026.03.02 13:08:34 INFO  no build target found for C:\Users\sman5\Desktop\Java\Interface\src\LaunchInterface1.java. Using fallback presentation compiler.
2026.03.02 13:08:33 INFO  no build target found for C:\Users\sman5\Desktop\Java\Interface\src\LaunchInterface1.java. Using fallback presentation compiler.
Mar 02, 2026 1:08:34 PM org.eclipse.lsp4j.jsonrpc.RemoteEndpoint handleCancellation
WARNING: Unmatched cancel notification for request id 1113
2026.03.02 13:08:33 INFO  no build target found for C:\Users\sman5\Desktop\Java\Interface\src\LaunchInterface1.java. Using fallback presentation compiler.
2026.03.02 13:08:33 INFO  no build target found for C:\Users\sman5\Desktop\Java\Interface\src\LaunchInterface1.java. Using fallback presentation compiler.
2026.03.02 13:08:34 INFO  no build target found for C:\Users\sman5\Desktop\Java\Interface\src\LaunchInterface1.java. Using fallback presentation compiler.
2026.03.02 13:08:34 WARN  Running javac-semanticdb failed for file:///C:/Users/sman5/Desktop/Java/Interface/src/LaunchInterface1.java. Output:

2026.03.02 13:08:35 WARN  no build target for: C:\Users\sman5\Desktop\Java\Interface\src\LaunchInterface1.java
2026.03.02 13:08:34 INFO  no build target found for C:\Users\sman5\Desktop\Java\Interface\src\LaunchInterface1.java. Using fallback presentation compiler.
2026.03.02 13:08:35 INFO  no build target found for C:\Users\sman5\Desktop\Java\Interface\src\LaunchInterface1.java. Using fallback presentation compiler.
2026.03.02 13:08:35 INFO  no build target found for C:\Users\sman5\Desktop\Java\Interface\src\LaunchInterface1.java. Using fallback presentation compiler.
2026.03.02 13:08:35 INFO  no build target found for C:\Users\sman5\Desktop\Java\Interface\src\LaunchInterface1.java. Using fallback presentation compiler.
2026.03.02 13:08:36 INFO  no build target found for C:\Users\sman5\Desktop\Java\Interface\src\LaunchInterface1.java. Using fallback presentation compiler.
2026.03.02 13:08:36 WARN  no build target for: C:\Users\sman5\Desktop\Java\Interface\src\LaunchInterface1.java
2026.03.02 13:08:36 INFO  no build target found for C:\Users\sman5\Desktop\Java\Interface\src\LaunchInterface1.java. Using fallback presentation compiler.
2026.03.02 13:08:35 INFO  no build target found for C:\Users\sman5\Desktop\Java\Interface\src\LaunchInterface1.java. Using fallback presentation compiler.
2026.03.02 13:08:35 INFO  no build target found for C:\Users\sman5\Desktop\Java\Interface\src\LaunchInterface1.java. Using fallback presentation compiler.
2026.03.02 13:08:36 WARN  Running javac-semanticdb failed for file:///C:/Users/sman5/Desktop/Java/Interface/src/LaunchInterface1.java. Output:

2026.03.02 13:08:36 INFO  no build target found for C:\Users\sman5\Desktop\Java\Interface\src\LaunchInterface1.java. Using fallback presentation compiler.
2026.03.02 13:08:37 WARN  no build target for: C:\Users\sman5\Desktop\Java\Interface\src\LaunchInterface1.java
2026.03.02 13:08:37 INFO  no build target found for C:\Users\sman5\Desktop\Java\Interface\src\LaunchInterface1.java. Using fallback presentation compiler.
2026.03.02 13:08:38 INFO  no build target found for C:\Users\sman5\Desktop\Java\Interface\src\LaunchInterface1.java. Using fallback presentation compiler.
2026.03.02 13:08:37 INFO  no build target found for C:\Users\sman5\Desktop\Java\Interface\src\LaunchInterface1.java. Using fallback presentation compiler.
2026.03.02 13:08:38 INFO  no build target found for C:\Users\sman5\Desktop\Java\Interface\src\LaunchInterface1.java. Using fallback presentation compiler.
2026.03.02 13:08:38 WARN  no build target for: C:\Users\sman5\Desktop\Java\Interface\src\LaunchInterface1.java
2026.03.02 13:08:38 INFO  no build target found for C:\Users\sman5\Desktop\Java\Interface\src\LaunchInterface1.java. Using fallback presentation compiler.
2026.03.02 13:08:38 INFO  no build target found for C:\Users\sman5\Desktop\Java\Interface\src\LaunchInterface1.java. Using fallback presentation compiler.
2026.03.02 13:08:38 INFO  no build target found for C:\Users\sman5\Desktop\Java\Interface\src\LaunchInterface1.java. Using fallback presentation compiler.
2026.03.02 13:08:39 WARN  no build target for: C:\Users\sman5\Desktop\Java\Interface\src\LaunchInterface1.java
2026.03.02 13:08:39 INFO  no build target found for C:\Users\sman5\Desktop\Java\Interface\src\LaunchInterface1.java. Using fallback presentation compiler.
2026.03.02 13:08:40 INFO  no build target found for C:\Users\sman5\Desktop\Java\Interface\src\LaunchInterface1.java. Using fallback presentation compiler.
2026.03.02 13:08:40 INFO  no build target found for C:\Users\sman5\Desktop\Java\Interface\src\LaunchInterface1.java. Using fallback presentation compiler.
2026.03.02 13:08:40 INFO  no build target found for C:\Users\sman5\Desktop\Java\Interface\src\LaunchInterface1.java. Using fallback presentation compiler.
2026.03.02 13:08:40 INFO  no build target found for C:\Users\sman5\Desktop\Java\Interface\src\LaunchInterface1.java. Using fallback presentation compiler.
2026.03.02 13:08:40 INFO  no build target found for C:\Users\sman5\Desktop\Java\Interface\src\LaunchInterface1.java. Using fallback presentation compiler.
2026.03.02 13:08:40 INFO  no build target found for C:\Users\sman5\Desktop\Java\Interface\src\LaunchInterface1.java. Using fallback presentation compiler.
2026.03.02 13:08:41 WARN  no build target for: C:\Users\sman5\Desktop\Java\Interface\src\LaunchInterface1.java
2026.03.02 13:08:41 INFO  no build target found for C:\Users\sman5\Desktop\Java\Interface\src\LaunchInterface1.java. Using fallback presentation compiler.
2026.03.02 13:08:41 INFO  no build target found for C:\Users\sman5\Desktop\Java\Interface\src\LaunchInterface1.java. Using fallback presentation compiler.
2026.03.02 13:08:41 INFO  no build target found for C:\Users\sman5\Desktop\Java\Interface\src\LaunchInterface1.java. Using fallback presentation compiler.
2026.03.02 13:08:41 INFO  no build target found for C:\Users\sman5\Desktop\Java\Interface\src\LaunchInterface1.java. Using fallback presentation compiler.
2026.03.02 13:08:41 INFO  no build target found for C:\Users\sman5\Desktop\Java\Interface\src\LaunchInterface1.java. Using fallback presentation compiler.
2026.03.02 13:08:41 INFO  no build target found for C:\Users\sman5\Desktop\Java\Interface\src\LaunchInterface1.java. Using fallback presentation compiler.
2026.03.02 13:08:41 INFO  no build target found for C:\Users\sman5\Desktop\Java\Interface\src\LaunchInterface1.java. Using fallback presentation compiler.
2026.03.02 13:08:41 INFO  no build target found for C:\Users\sman5\Desktop\Java\Interface\src\LaunchInterface1.java. Using fallback presentation compiler.
2026.03.02 13:08:42 WARN  Running javac-semanticdb failed for file:///C:/Users/sman5/Desktop/Java/Interface/src/LaunchInterface1.java. Output:

2026.03.02 13:08:41 INFO  no build target found for C:\Users\sman5\Desktop\Java\Interface\src\LaunchInterface1.java. Using fallback presentation compiler.
2026.03.02 13:08:42 WARN  no build target for: C:\Users\sman5\Desktop\Java\Interface\src\LaunchInterface1.java
2026.03.02 13:08:42 INFO  no build target found for C:\Users\sman5\Desktop\Java\Interface\src\LaunchInterface1.java. Using fallback presentation compiler.
2026.03.02 13:08:42 INFO  no build target found for C:\Users\sman5\Desktop\Java\Interface\src\LaunchInterface1.java. Using fallback presentation compiler.
2026.03.02 13:08:42 INFO  no build target found for C:\Users\sman5\Desktop\Java\Interface\src\LaunchInterface1.java. Using fallback presentation compiler.
2026.03.02 13:08:43 INFO  no build target found for C:\Users\sman5\Desktop\Java\Interface\src\LaunchInterface1.java. Using fallback presentation compiler.
2026.03.02 13:08:43 INFO  no build target found for C:\Users\sman5\Desktop\Java\Interface\src\LaunchInterface1.java. Using fallback presentation compiler.
2026.03.02 13:08:44 INFO  no build target found for C:\Users\sman5\Desktop\Java\Interface\src\LaunchInterface1.java. Using fallback presentation compiler.
2026.03.02 13:08:44 WARN  Running javac-semanticdb failed for file:///C:/Users/sman5/Desktop/Java/Interface/src/LaunchInterface1.java. Output:

2026.03.02 13:08:44 WARN  no build target for: C:\Users\sman5\Desktop\Java\Interface\src\LaunchInterface1.java
2026.03.02 13:08:44 INFO  no build target found for C:\Users\sman5\Desktop\Java\Interface\src\LaunchInterface1.java. Using fallback presentation compiler.
2026.03.02 13:08:43 INFO  no build target found for C:\Users\sman5\Desktop\Java\Interface\src\LaunchInterface1.java. Using fallback presentation compiler.
2026.03.02 13:08:44 INFO  no build target found for C:\Users\sman5\Desktop\Java\Interface\src\LaunchInterface1.java. Using fallback presentation compiler.
2026.03.02 13:08:44 INFO  no build target found for C:\Users\sman5\Desktop\Java\Interface\src\LaunchInterface1.java. Using fallback presentation compiler.
2026.03.02 13:08:44 WARN  Running javac-semanticdb failed for file:///C:/Users/sman5/Desktop/Java/Interface/src/LaunchInterface1.java. Output:

2026.03.02 13:08:45 WARN  no build target for: C:\Users\sman5\Desktop\Java\Interface\src\LaunchInterface1.java
2026.03.02 13:08:45 INFO  no build target found for C:\Users\sman5\Desktop\Java\Interface\src\LaunchInterface1.java. Using fallback presentation compiler.
2026.03.02 13:08:44 INFO  no build target found for C:\Users\sman5\Desktop\Java\Interface\src\LaunchInterface1.java. Using fallback presentation compiler.
2026.03.02 13:08:46 INFO  no build target found for C:\Users\sman5\Desktop\Java\Interface\src\LaunchInterface1.java. Using fallback presentation compiler.
2026.03.02 13:08:46 INFO  no build target found for C:\Users\sman5\Desktop\Java\Interface\src\LaunchInterface1.java. Using fallback presentation compiler.
2026.03.02 13:08:46 INFO  no build target found for C:\Users\sman5\Desktop\Java\Interface\src\LaunchInterface1.java. Using fallback presentation compiler.
2026.03.02 13:08:46 INFO  no build target found for C:\Users\sman5\Desktop\Java\Interface\src\LaunchInterface1.java. Using fallback presentation compiler.
2026.03.02 13:08:47 WARN  no build target for: C:\Users\sman5\Desktop\Java\Interface\src\LaunchInterface1.java
2026.03.02 13:08:47 INFO  no build target found for C:\Users\sman5\Desktop\Java\Interface\src\LaunchInterface1.java. Using fallback presentation compiler.
2026.03.02 13:08:47 INFO  no build target found for C:\Users\sman5\Desktop\Java\Interface\src\LaunchInterface1.java. Using fallback presentation compiler.
2026.03.02 13:08:47 INFO  no build target found for C:\Users\sman5\Desktop\Java\Interface\src\LaunchInterface1.java. Using fallback presentation compiler.
2026.03.02 13:08:47 INFO  no build target found for C:\Users\sman5\Desktop\Java\Interface\src\LaunchInterface1.java. Using fallback presentation compiler.
2026.03.02 13:08:48 INFO  no build target found for C:\Users\sman5\Desktop\Java\Interface\src\LaunchInterface1.java. Using fallback presentation compiler.
2026.03.02 13:08:48 WARN  no build target for: C:\Users\sman5\Desktop\Java\Interface\src\LaunchInterface1.java
2026.03.02 13:08:48 INFO  no build target found for C:\Users\sman5\Desktop\Java\Interface\src\LaunchInterface1.java. Using fallback presentation compiler.
2026.03.02 13:08:49 INFO  no build target found for C:\Users\sman5\Desktop\Java\Interface\src\LaunchInterface1.java. Using fallback presentation compiler.
2026.03.02 13:08:49 INFO  no build target found for C:\Users\sman5\Desktop\Java\Interface\src\LaunchInterface1.java. Using fallback presentation compiler.
2026.03.02 13:08:49 INFO  no build target found for C:\Users\sman5\Desktop\Java\Interface\src\LaunchInterface1.java. Using fallback presentation compiler.
2026.03.02 13:08:49 WARN  no build target for: C:\Users\sman5\Desktop\Java\Interface\src\LaunchInterface1.java
2026.03.02 13:08:49 INFO  QDox parse error in file:///C:/Users/sman5/Desktop/Java/Interface/src/LaunchInterface1.java (full report at: "C:\Users\sman5\Desktop\Java\Interface\.metals\.reports\metals-full\2026-03-02\r_qdox-error_13-00-36-123.md")
2026.03.02 13:08:50 INFO  no build target found for C:\Users\sman5\Desktop\Java\Interface\src\LaunchInterface1.java. Using fallback presentation compiler.
2026.03.02 13:08:49 INFO  no build target found for C:\Users\sman5\Desktop\Java\Interface\src\LaunchInterface1.java. Using fallback presentation compiler.
2026.03.02 13:08:50 INFO  no build target found for C:\Users\sman5\Desktop\Java\Interface\src\LaunchInterface1.java. Using fallback presentation compiler.
2026.03.02 13:08:51 WARN  Running javac-semanticdb failed for file:///C:/Users/sman5/Desktop/Java/Interface/src/LaunchInterface1.java. Output:

2026.03.02 13:08:51 INFO  no build target found for C:\Users\sman5\Desktop\Java\Interface\src\LaunchInterface1.java. Using fallback presentation compiler.
2026.03.02 13:08:51 INFO  QDox parse error in file:///C:/Users/sman5/Desktop/Java/Interface/src/LaunchInterface1.java (full report at: "C:\Users\sman5\Desktop\Java\Interface\.metals\.reports\metals-full\2026-03-02\r_qdox-error_13-00-36-123.md")
2026.03.02 13:08:51 WARN  no build target for: C:\Users\sman5\Desktop\Java\Interface\src\LaunchInterface1.java
2026.03.02 13:08:51 INFO  no build target found for C:\Users\sman5\Desktop\Java\Interface\src\LaunchInterface1.java. Using fallback presentation compiler.
2026.03.02 13:08:53 INFO  no build target found for C:\Users\sman5\Desktop\Java\Interface\src\LaunchInterface1.java. Using fallback presentation compiler.
2026.03.02 13:08:53 INFO  no build target found for C:\Users\sman5\Desktop\Java\Interface\src\LaunchInterface1.java. Using fallback presentation compiler.
2026.03.02 13:08:53 WARN  Running javac-semanticdb failed for file:///C:/Users/sman5/Desktop/Java/Interface/src/LaunchInterface1.java. Output:

2026.03.02 13:08:53 INFO  no build target found for C:\Users\sman5\Desktop\Java\Interface\src\LaunchInterface1.java. Using fallback presentation compiler.
2026.03.02 13:08:54 WARN  no build target for: C:\Users\sman5\Desktop\Java\Interface\src\LaunchInterface1.java
2026.03.02 13:08:54 INFO  no build target found for C:\Users\sman5\Desktop\Java\Interface\src\LaunchInterface1.java. Using fallback presentation compiler.
2026.03.02 13:08:53 INFO  no build target found for C:\Users\sman5\Desktop\Java\Interface\src\LaunchInterface1.java. Using fallback presentation compiler.
2026.03.02 13:08:56 INFO  no build target found for C:\Users\sman5\Desktop\Java\Interface\src\LaunchInterface1.java. Using fallback presentation compiler.
2026.03.02 13:08:56 INFO  no build target found for C:\Users\sman5\Desktop\Java\Interface\src\LaunchInterface1.java. Using fallback presentation compiler.
2026.03.02 13:08:56 INFO  no build target found for C:\Users\sman5\Desktop\Java\Interface\src\LaunchInterface1.java. Using fallback presentation compiler.
2026.03.02 13:08:56 INFO  no build target found for C:\Users\sman5\Desktop\Java\Interface\src\LaunchInterface1.java. Using fallback presentation compiler.
2026.03.02 13:08:56 INFO  no build target found for C:\Users\sman5\Desktop\Java\Interface\src\LaunchInterface1.java. Using fallback presentation compiler.
2026.03.02 13:08:58 INFO  no build target found for C:\Users\sman5\Desktop\Java\Interface\src\LaunchInterface1.java. Using fallback presentation compiler.
2026.03.02 13:08:58 INFO  no build target found for C:\Users\sman5\Desktop\Java\Interface\src\LaunchInterface1.java. Using fallback presentation compiler.
2026.03.02 13:08:59 INFO  no build target found for C:\Users\sman5\Desktop\Java\Interface\src\LaunchInterface1.java. Using fallback presentation compiler.
2026.03.02 13:08:59 INFO  no build target found for C:\Users\sman5\Desktop\Java\Interface\src\LaunchInterface1.java. Using fallback presentation compiler.
2026.03.02 13:09:00 INFO  no build target found for C:\Users\sman5\Desktop\Java\Interface\src\LaunchInterface1.java. Using fallback presentation compiler.
2026.03.02 13:09:00 INFO  no build target found for C:\Users\sman5\Desktop\Java\Interface\src\LaunchInterface1.java. Using fallback presentation compiler.
2026.03.02 13:09:00 INFO  no build target found for C:\Users\sman5\Desktop\Java\Interface\src\LaunchInterface1.java. Using fallback presentation compiler.
2026.03.02 13:09:01 WARN  no build target for: C:\Users\sman5\Desktop\Java\Interface\src\LaunchInterface1.java
2026.03.02 13:09:01 INFO  no build target found for C:\Users\sman5\Desktop\Java\Interface\src\LaunchInterface1.java. Using fallback presentation compiler.
2026.03.02 13:09:55 INFO  no build target found for C:\Users\sman5\Desktop\Java\Interface\src\LaunchInterface1.java. Using fallback presentation compiler.
2026.03.02 13:09:55 INFO  no build target found for C:\Users\sman5\Desktop\Java\Interface\src\LaunchInterface1.java. Using fallback presentation compiler.
2026.03.02 13:09:55 WARN  no build target for: C:\Users\sman5\Desktop\Java\Interface\src\LaunchInterface1.java
2026.03.02 13:09:56 INFO  no build target found for C:\Users\sman5\Desktop\Java\Interface\src\LaunchInterface1.java. Using fallback presentation compiler.
2026.03.02 13:10:09 INFO  no build target found for C:\Users\sman5\Desktop\Java\Interface\src\LaunchInterface1.java. Using fallback presentation compiler.
Mar 02, 2026 1:10:09 PM org.eclipse.lsp4j.jsonrpc.RemoteEndpoint handleCancellation
WARNING: Unmatched cancel notification for request id 1293
2026.03.02 13:10:10 INFO  no build target found for C:\Users\sman5\Desktop\Java\Interface\src\LaunchInterface1.java. Using fallback presentation compiler.
2026.03.02 13:10:11 INFO  no build target found for C:\Users\sman5\Desktop\Java\Interface\src\LaunchInterface1.java. Using fallback presentation compiler.
2026.03.02 13:10:11 INFO  no build target found for C:\Users\sman5\Desktop\Java\Interface\src\LaunchInterface1.java. Using fallback presentation compiler.
2026.03.02 13:10:12 INFO  no build target found for C:\Users\sman5\Desktop\Java\Interface\src\LaunchInterface1.java. Using fallback presentation compiler.
2026.03.02 13:10:11 INFO  no build target found for C:\Users\sman5\Desktop\Java\Interface\src\LaunchInterface1.java. Using fallback presentation compiler.
2026.03.02 13:10:12 WARN  no build target for: C:\Users\sman5\Desktop\Java\Interface\src\LaunchInterface1.java
2026.03.02 13:10:12 INFO  no build target found for C:\Users\sman5\Desktop\Java\Interface\src\LaunchInterface1.java. Using fallback presentation compiler.
2026.03.02 13:10:14 INFO  no build target found for C:\Users\sman5\Desktop\Java\Interface\src\LaunchInterface1.java. Using fallback presentation compiler.
2026.03.02 13:10:14 INFO  no build target found for C:\Users\sman5\Desktop\Java\Interface\src\LaunchInterface1.java. Using fallback presentation compiler.
2026.03.02 13:10:14 INFO  no build target found for C:\Users\sman5\Desktop\Java\Interface\src\LaunchInterface1.java. Using fallback presentation compiler.
2026.03.02 13:10:15 INFO  no build target found for C:\Users\sman5\Desktop\Java\Interface\src\LaunchInterface1.java. Using fallback presentation compiler.
2026.03.02 13:10:15 WARN  no build target for: C:\Users\sman5\Desktop\Java\Interface\src\LaunchInterface1.java
2026.03.02 13:10:15 INFO  no build target found for C:\Users\sman5\Desktop\Java\Interface\src\LaunchInterface1.java. Using fallback presentation compiler.
2026.03.02 13:10:16 INFO  no build target found for C:\Users\sman5\Desktop\Java\Interface\src\LaunchInterface1.java. Using fallback presentation compiler.
2026.03.02 13:10:16 INFO  no build target found for C:\Users\sman5\Desktop\Java\Interface\src\LaunchInterface1.java. Using fallback presentation compiler.
2026.03.02 13:10:17 INFO  no build target found for C:\Users\sman5\Desktop\Java\Interface\src\LaunchInterface1.java. Using fallback presentation compiler.
2026.03.02 13:10:17 WARN  no build target for: C:\Users\sman5\Desktop\Java\Interface\src\LaunchInterface1.java
2026.03.02 13:10:17 INFO  no build target found for C:\Users\sman5\Desktop\Java\Interface\src\LaunchInterface1.java. Using fallback presentation compiler.
2026.03.02 13:10:19 INFO  no build target found for C:\Users\sman5\Desktop\Java\Interface\src\LaunchInterface1.java. Using fallback presentation compiler.
2026.03.02 13:10:19 INFO  no build target found for C:\Users\sman5\Desktop\Java\Interface\src\LaunchInterface1.java. Using fallback presentation compiler.
2026.03.02 13:10:19 INFO  no build target found for C:\Users\sman5\Desktop\Java\Interface\src\LaunchInterface1.java. Using fallback presentation compiler.
2026.03.02 13:10:20 WARN  no build target for: C:\Users\sman5\Desktop\Java\Interface\src\LaunchInterface1.java
2026.03.02 13:10:19 INFO  no build target found for C:\Users\sman5\Desktop\Java\Interface\src\LaunchInterface1.java. Using fallback presentation compiler.
2026.03.02 13:10:19 INFO  no build target found for C:\Users\sman5\Desktop\Java\Interface\src\LaunchInterface1.java. Using fallback presentation compiler.
2026.03.02 13:10:28 INFO  no build target found for C:\Users\sman5\Desktop\Java\Interface\src\LaunchInterface1.java. Using fallback presentation compiler.
Mar 02, 2026 1:10:28 PM org.eclipse.lsp4j.jsonrpc.RemoteEndpoint handleCancellation
WARNING: Unmatched cancel notification for request id 1386
Mar 02, 2026 1:10:28 PM org.eclipse.lsp4j.jsonrpc.RemoteEndpoint handleCancellation
WARNING: Unmatched cancel notification for request id 1387
2026.03.02 13:10:28 INFO  no build target found for C:\Users\sman5\Desktop\Java\Interface\src\LaunchInterface1.java. Using fallback presentation compiler.
2026.03.02 13:10:28 WARN  no build target for: C:\Users\sman5\Desktop\Java\Interface\src\LaunchInterface1.java
2026.03.02 13:10:28 INFO  no build target found for C:\Users\sman5\Desktop\Java\Interface\src\LaunchInterface1.java. Using fallback presentation compiler.
2026.03.02 13:10:30 INFO  no build target found for C:\Users\sman5\Desktop\Java\Interface\src\LaunchInterface1.java. Using fallback presentation compiler.
2026.03.02 13:10:30 INFO  no build target found for C:\Users\sman5\Desktop\Java\Interface\src\LaunchInterface1.java. Using fallback presentation compiler.
2026.03.02 13:10:30 INFO  no build target found for C:\Users\sman5\Desktop\Java\Interface\src\LaunchInterface1.java. Using fallback presentation compiler.
2026.03.02 13:10:30 WARN  no build target for: C:\Users\sman5\Desktop\Java\Interface\src\LaunchInterface1.java
2026.03.02 13:10:30 INFO  no build target found for C:\Users\sman5\Desktop\Java\Interface\src\LaunchInterface1.java. Using fallback presentation compiler.
2026.03.02 13:10:38 INFO  no build target found for C:\Users\sman5\Desktop\Java\Interface\src\LaunchInterface1.java. Using fallback presentation compiler.
2026.03.02 13:10:38 INFO  no build target found for C:\Users\sman5\Desktop\Java\Interface\src\LaunchInterface1.java. Using fallback presentation compiler.
2026.03.02 13:10:39 WARN  no build target for: C:\Users\sman5\Desktop\Java\Interface\src\LaunchInterface1.java
2026.03.02 13:10:39 INFO  no build target found for C:\Users\sman5\Desktop\Java\Interface\src\LaunchInterface1.java. Using fallback presentation compiler.
2026.03.02 13:10:55 INFO  no build target found for C:\Users\sman5\Desktop\Java\Interface\src\LaunchInterface1.java. Using fallback presentation compiler.
2026.03.02 13:10:58 INFO  no build target found for C:\Users\sman5\Desktop\Java\Interface\src\LaunchInterface1.java. Using fallback presentation compiler.
2026.03.02 13:10:58 INFO  no build target found for C:\Users\sman5\Desktop\Java\Interface\src\LaunchInterface1.java. Using fallback presentation compiler.
2026.03.02 13:10:59 INFO  no build target found for C:\Users\sman5\Desktop\Java\Interface\src\LaunchInterface1.java. Using fallback presentation compiler.
2026.03.02 13:10:59 INFO  no build target found for C:\Users\sman5\Desktop\Java\Interface\src\LaunchInterface1.java. Using fallback presentation compiler.
2026.03.02 13:11:00 WARN  no build target for: C:\Users\sman5\Desktop\Java\Interface\src\LaunchInterface1.java
2026.03.02 13:11:00 INFO  no build target found for C:\Users\sman5\Desktop\Java\Interface\src\LaunchInterface1.java. Using fallback presentation compiler.
2026.03.02 13:11:04 INFO  no build target found for C:\Users\sman5\Desktop\Java\Interface\src\LaunchInterface1.java. Using fallback presentation compiler.
2026.03.02 13:11:09 INFO  no build target found for C:\Users\sman5\Desktop\Java\Interface\src\LaunchInterface1.java. Using fallback presentation compiler.
2026.03.02 13:11:09 INFO  no build target found for C:\Users\sman5\Desktop\Java\Interface\src\LaunchInterface1.java. Using fallback presentation compiler.
2026.03.02 13:11:09 INFO  no build target found for C:\Users\sman5\Desktop\Java\Interface\src\LaunchInterface1.java. Using fallback presentation compiler.
2026.03.02 13:11:09 INFO  no build target found for C:\Users\sman5\Desktop\Java\Interface\src\LaunchInterface1.java. Using fallback presentation compiler.
2026.03.02 13:11:09 INFO  no build target found for C:\Users\sman5\Desktop\Java\Interface\src\LaunchInterface1.java. Using fallback presentation compiler.
2026.03.02 13:11:09 INFO  no build target found for C:\Users\sman5\Desktop\Java\Interface\src\LaunchInterface1.java. Using fallback presentation compiler.
2026.03.02 13:11:09 INFO  no build target found for C:\Users\sman5\Desktop\Java\Interface\src\LaunchInterface1.java. Using fallback presentation compiler.
2026.03.02 13:11:10 INFO  no build target found for C:\Users\sman5\Desktop\Java\Interface\src\LaunchInterface1.java. Using fallback presentation compiler.
2026.03.02 13:11:10 WARN  no build target for: C:\Users\sman5\Desktop\Java\Interface\src\LaunchInterface1.java
2026.03.02 13:11:10 INFO  no build target found for C:\Users\sman5\Desktop\Java\Interface\src\LaunchInterface1.java. Using fallback presentation compiler.
2026.03.02 13:11:14 INFO  no build target found for C:\Users\sman5\Desktop\Java\Interface\src\LaunchInterface1.java. Using fallback presentation compiler.
2026.03.02 13:11:14 INFO  no build target found for C:\Users\sman5\Desktop\Java\Interface\src\LaunchInterface1.java. Using fallback presentation compiler.
2026.03.02 13:11:14 INFO  no build target found for C:\Users\sman5\Desktop\Java\Interface\src\LaunchInterface1.java. Using fallback presentation compiler.
2026.03.02 13:11:14 INFO  no build target found for C:\Users\sman5\Desktop\Java\Interface\src\LaunchInterface1.java. Using fallback presentation compiler.
2026.03.02 13:11:14 WARN  Running javac-semanticdb failed for file:///C:/Users/sman5/Desktop/Java/Interface/src/LaunchInterface1.java. Output:

2026.03.02 13:11:15 WARN  no build target for: C:\Users\sman5\Desktop\Java\Interface\src\LaunchInterface1.java
2026.03.02 13:11:14 INFO  no build target found for C:\Users\sman5\Desktop\Java\Interface\src\LaunchInterface1.java. Using fallback presentation compiler.
2026.03.02 13:11:14 INFO  no build target found for C:\Users\sman5\Desktop\Java\Interface\src\LaunchInterface1.java. Using fallback presentation compiler.
2026.03.02 13:11:16 INFO  no build target found for C:\Users\sman5\Desktop\Java\Interface\src\LaunchInterface1.java. Using fallback presentation compiler.
2026.03.02 13:11:16 INFO  no build target found for C:\Users\sman5\Desktop\Java\Interface\src\LaunchInterface1.java. Using fallback presentation compiler.
2026.03.02 13:11:18 INFO  no build target found for C:\Users\sman5\Desktop\Java\Interface\src\LaunchInterface1.java. Using fallback presentation compiler.
2026.03.02 13:11:18 INFO  no build target found for C:\Users\sman5\Desktop\Java\Interface\src\LaunchInterface1.java. Using fallback presentation compiler.
2026.03.02 13:11:18 INFO  no build target found for C:\Users\sman5\Desktop\Java\Interface\src\LaunchInterface1.java. Using fallback presentation compiler.
2026.03.02 13:11:18 WARN  Running javac-semanticdb failed for file:///C:/Users/sman5/Desktop/Java/Interface/src/LaunchInterface1.java. Output:

2026.03.02 13:11:18 WARN  no build target for: C:\Users\sman5\Desktop\Java\Interface\src\LaunchInterface1.java
2026.03.02 13:11:18 INFO  no build target found for C:\Users\sman5\Desktop\Java\Interface\src\LaunchInterface1.java. Using fallback presentation compiler.
2026.03.02 13:11:20 INFO  no build target found for C:\Users\sman5\Desktop\Java\Interface\src\LaunchInterface1.java. Using fallback presentation compiler.
2026.03.02 13:11:20 INFO  no build target found for C:\Users\sman5\Desktop\Java\Interface\src\LaunchInterface1.java. Using fallback presentation compiler.
2026.03.02 13:11:20 INFO  no build target found for C:\Users\sman5\Desktop\Java\Interface\src\LaunchInterface1.java. Using fallback presentation compiler.
2026.03.02 13:11:20 INFO  no build target found for C:\Users\sman5\Desktop\Java\Interface\src\LaunchInterface1.java. Using fallback presentation compiler.
2026.03.02 13:11:20 INFO  no build target found for C:\Users\sman5\Desktop\Java\Interface\src\LaunchInterface1.java. Using fallback presentation compiler.
2026.03.02 13:11:20 INFO  no build target found for C:\Users\sman5\Desktop\Java\Interface\src\LaunchInterface1.java. Using fallback presentation compiler.
2026.03.02 13:11:21 INFO  no build target found for C:\Users\sman5\Desktop\Java\Interface\src\LaunchInterface1.java. Using fallback presentation compiler.
2026.03.02 13:11:21 WARN  no build target for: C:\Users\sman5\Desktop\Java\Interface\src\LaunchInterface1.java
2026.03.02 13:11:20 INFO  no build target found for C:\Users\sman5\Desktop\Java\Interface\src\LaunchInterface1.java. Using fallback presentation compiler.
2026.03.02 13:11:22 INFO  no build target found for C:\Users\sman5\Desktop\Java\Interface\src\LaunchInterface1.java. Using fallback presentation compiler.
2026.03.02 13:11:22 INFO  no build target found for C:\Users\sman5\Desktop\Java\Interface\src\LaunchInterface1.java. Using fallback presentation compiler.
2026.03.02 13:11:22 INFO  no build target found for C:\Users\sman5\Desktop\Java\Interface\src\LaunchInterface1.java. Using fallback presentation compiler.
2026.03.02 13:11:23 INFO  no build target found for C:\Users\sman5\Desktop\Java\Interface\src\LaunchInterface1.java. Using fallback presentation compiler.
2026.03.02 13:11:23 WARN  Running javac-semanticdb failed for file:///C:/Users/sman5/Desktop/Java/Interface/src/LaunchInterface1.java. Output:

2026.03.02 13:11:23 WARN  no build target for: C:\Users\sman5\Desktop\Java\Interface\src\LaunchInterface1.java
2026.03.02 13:11:23 INFO  no build target found for C:\Users\sman5\Desktop\Java\Interface\src\LaunchInterface1.java. Using fallback presentation compiler.
2026.03.02 13:11:22 INFO  no build target found for C:\Users\sman5\Desktop\Java\Interface\src\LaunchInterface1.java. Using fallback presentation compiler.
2026.03.02 13:11:22 INFO  no build target found for C:\Users\sman5\Desktop\Java\Interface\src\LaunchInterface1.java. Using fallback presentation compiler.
2026.03.02 13:11:22 INFO  no build target found for C:\Users\sman5\Desktop\Java\Interface\src\LaunchInterface1.java. Using fallback presentation compiler.
2026.03.02 13:11:22 INFO  no build target found for C:\Users\sman5\Desktop\Java\Interface\src\LaunchInterface1.java. Using fallback presentation compiler.
2026.03.02 13:11:23 WARN  Running javac-semanticdb failed for file:///C:/Users/sman5/Desktop/Java/Interface/src/LaunchInterface1.java. Output:

2026.03.02 13:11:23 INFO  no build target found for C:\Users\sman5\Desktop\Java\Interface\src\LaunchInterface1.java. Using fallback presentation compiler.
2026.03.02 13:11:23 WARN  no build target for: C:\Users\sman5\Desktop\Java\Interface\src\LaunchInterface1.java
2026.03.02 13:11:23 INFO  no build target found for C:\Users\sman5\Desktop\Java\Interface\src\LaunchInterface1.java. Using fallback presentation compiler.
2026.03.02 13:11:24 INFO  no build target found for C:\Users\sman5\Desktop\Java\Interface\src\LaunchInterface1.java. Using fallback presentation compiler.
2026.03.02 13:11:25 INFO  no build target found for C:\Users\sman5\Desktop\Java\Interface\src\LaunchInterface1.java. Using fallback presentation compiler.
2026.03.02 13:11:25 INFO  no build target found for C:\Users\sman5\Desktop\Java\Interface\src\LaunchInterface1.java. Using fallback presentation compiler.
2026.03.02 13:11:25 WARN  no build target for: C:\Users\sman5\Desktop\Java\Interface\src\LaunchInterface1.java
2026.03.02 13:11:25 INFO  no build target found for C:\Users\sman5\Desktop\Java\Interface\src\LaunchInterface1.java. Using fallback presentation compiler.
2026.03.02 13:11:29 INFO  no build target found for C:\Users\sman5\Desktop\Java\Interface\src\LaunchInterface1.java. Using fallback presentation compiler.
2026.03.02 13:11:29 INFO  no build target found for C:\Users\sman5\Desktop\Java\Interface\src\LaunchInterface1.java. Using fallback presentation compiler.
2026.03.02 13:11:29 INFO  no build target found for C:\Users\sman5\Desktop\Java\Interface\src\LaunchInterface1.java. Using fallback presentation compiler.
2026.03.02 13:11:29 INFO  no build target found for C:\Users\sman5\Desktop\Java\Interface\src\LaunchInterface1.java. Using fallback presentation compiler.
2026.03.02 13:11:34 INFO  no build target found for C:\Users\sman5\Desktop\Java\Interface\src\LaunchInterface1.java. Using fallback presentation compiler.
2026.03.02 13:11:34 INFO  no build target found for C:\Users\sman5\Desktop\Java\Interface\src\LaunchInterface1.java. Using fallback presentation compiler.
2026.03.02 13:11:36 INFO  no build target found for C:\Users\sman5\Desktop\Java\Interface\src\LaunchInterface1.java. Using fallback presentation compiler.
2026.03.02 13:11:36 INFO  no build target found for C:\Users\sman5\Desktop\Java\Interface\src\LaunchInterface1.java. Using fallback presentation compiler.
2026.03.02 13:11:36 INFO  no build target found for C:\Users\sman5\Desktop\Java\Interface\src\LaunchInterface1.java. Using fallback presentation compiler.
2026.03.02 13:11:36 INFO  no build target found for C:\Users\sman5\Desktop\Java\Interface\src\LaunchInterface1.java. Using fallback presentation compiler.
2026.03.02 13:11:36 INFO  no build target found for C:\Users\sman5\Desktop\Java\Interface\src\LaunchInterface1.java. Using fallback presentation compiler.
2026.03.02 13:11:36 INFO  no build target found for C:\Users\sman5\Desktop\Java\Interface\src\LaunchInterface1.java. Using fallback presentation compiler.
2026.03.02 13:11:36 INFO  no build target found for C:\Users\sman5\Desktop\Java\Interface\src\LaunchInterface1.java. Using fallback presentation compiler.
2026.03.02 13:11:37 INFO  no build target found for C:\Users\sman5\Desktop\Java\Interface\src\LaunchInterface1.java. Using fallback presentation compiler.
2026.03.02 13:11:36 INFO  no build target found for C:\Users\sman5\Desktop\Java\Interface\src\LaunchInterface1.java. Using fallback presentation compiler.
2026.03.02 13:11:37 INFO  no build target found for C:\Users\sman5\Desktop\Java\Interface\src\LaunchInterface1.java. Using fallback presentation compiler.
2026.03.02 13:11:37 INFO  no build target found for C:\Users\sman5\Desktop\Java\Interface\src\LaunchInterface1.java. Using fallback presentation compiler.
2026.03.02 13:11:37 WARN  no build target for: C:\Users\sman5\Desktop\Java\Interface\src\LaunchInterface1.java
2026.03.02 13:11:37 INFO  no build target found for C:\Users\sman5\Desktop\Java\Interface\src\LaunchInterface1.java. Using fallback presentation compiler.
2026.03.02 13:11:37 INFO  no build target found for C:\Users\sman5\Desktop\Java\Interface\src\LaunchInterface1.java. Using fallback presentation compiler.
2026.03.02 13:11:37 INFO  no build target found for C:\Users\sman5\Desktop\Java\Interface\src\LaunchInterface1.java. Using fallback presentation compiler.
2026.03.02 13:11:38 INFO  no build target found for C:\Users\sman5\Desktop\Java\Interface\src\LaunchInterface1.java. Using fallback presentation compiler.
2026.03.02 13:11:38 INFO  no build target found for C:\Users\sman5\Desktop\Java\Interface\src\LaunchInterface1.java. Using fallback presentation compiler.
2026.03.02 13:11:38 INFO  no build target found for C:\Users\sman5\Desktop\Java\Interface\src\LaunchInterface1.java. Using fallback presentation compiler.
2026.03.02 13:11:39 WARN  Running javac-semanticdb failed for file:///C:/Users/sman5/Desktop/Java/Interface/src/LaunchInterface1.java. Output:

2026.03.02 13:11:39 WARN  no build target for: C:\Users\sman5\Desktop\Java\Interface\src\LaunchInterface1.java
2026.03.02 13:11:39 INFO  no build target found for C:\Users\sman5\Desktop\Java\Interface\src\LaunchInterface1.java. Using fallback presentation compiler.
2026.03.02 13:11:38 INFO  no build target found for C:\Users\sman5\Desktop\Java\Interface\src\LaunchInterface1.java. Using fallback presentation compiler.
2026.03.02 13:11:39 INFO  no build target found for C:\Users\sman5\Desktop\Java\Interface\src\LaunchInterface1.java. Using fallback presentation compiler.
2026.03.02 13:11:40 INFO  no build target found for C:\Users\sman5\Desktop\Java\Interface\src\LaunchInterface1.java. Using fallback presentation compiler.
2026.03.02 13:11:39 INFO  no build target found for C:\Users\sman5\Desktop\Java\Interface\src\LaunchInterface1.java. Using fallback presentation compiler.
2026.03.02 13:11:39 INFO  no build target found for C:\Users\sman5\Desktop\Java\Interface\src\LaunchInterface1.java. Using fallback presentation compiler.
2026.03.02 13:11:40 INFO  no build target found for C:\Users\sman5\Desktop\Java\Interface\src\LaunchInterface1.java. Using fallback presentation compiler.
2026.03.02 13:11:39 INFO  no build target found for C:\Users\sman5\Desktop\Java\Interface\src\LaunchInterface1.java. Using fallback presentation compiler.
2026.03.02 13:11:40 WARN  no build target for: C:\Users\sman5\Desktop\Java\Interface\src\LaunchInterface1.java
2026.03.02 13:11:40 INFO  no build target found for C:\Users\sman5\Desktop\Java\Interface\src\LaunchInterface1.java. Using fallback presentation compiler.
2026.03.02 13:11:41 INFO  no build target found for C:\Users\sman5\Desktop\Java\Interface\src\LaunchInterface1.java. Using fallback presentation compiler.
2026.03.02 13:11:41 WARN  no build target for: C:\Users\sman5\Desktop\Java\Interface\src\LaunchInterface1.java
2026.03.02 13:11:40 INFO  no build target found for C:\Users\sman5\Desktop\Java\Interface\src\LaunchInterface1.java. Using fallback presentation compiler.
2026.03.02 13:11:41 INFO  no build target found for C:\Users\sman5\Desktop\Java\Interface\src\LaunchInterface1.java. Using fallback presentation compiler.
2026.03.02 13:11:41 INFO  no build target found for C:\Users\sman5\Desktop\Java\Interface\src\LaunchInterface1.java. Using fallback presentation compiler.
2026.03.02 13:11:42 INFO  no build target found for C:\Users\sman5\Desktop\Java\Interface\src\LaunchInterface1.java. Using fallback presentation compiler.
2026.03.02 13:11:42 INFO  no build target found for C:\Users\sman5\Desktop\Java\Interface\src\LaunchInterface1.java. Using fallback presentation compiler.
2026.03.02 13:11:43 INFO  no build target found for C:\Users\sman5\Desktop\Java\Interface\src\LaunchInterface1.java. Using fallback presentation compiler.
2026.03.02 13:11:43 INFO  no build target found for C:\Users\sman5\Desktop\Java\Interface\src\LaunchInterface1.java. Using fallback presentation compiler.
2026.03.02 13:11:43 INFO  no build target found for C:\Users\sman5\Desktop\Java\Interface\src\LaunchInterface1.java. Using fallback presentation compiler.
2026.03.02 13:11:43 INFO  no build target found for C:\Users\sman5\Desktop\Java\Interface\src\LaunchInterface1.java. Using fallback presentation compiler.
2026.03.02 13:11:43 WARN  no build target for: C:\Users\sman5\Desktop\Java\Interface\src\LaunchInterface1.java
2026.03.02 13:11:43 INFO  no build target found for C:\Users\sman5\Desktop\Java\Interface\src\LaunchInterface1.java. Using fallback presentation compiler.
2026.03.02 13:11:43 INFO  no build target found for C:\Users\sman5\Desktop\Java\Interface\src\LaunchInterface1.java. Using fallback presentation compiler.
2026.03.02 13:11:43 INFO  no build target found for C:\Users\sman5\Desktop\Java\Interface\src\LaunchInterface1.java. Using fallback presentation compiler.
2026.03.02 13:11:44 INFO  no build target found for C:\Users\sman5\Desktop\Java\Interface\src\LaunchInterface1.java. Using fallback presentation compiler.
2026.03.02 13:11:44 INFO  no build target found for C:\Users\sman5\Desktop\Java\Interface\src\LaunchInterface1.java. Using fallback presentation compiler.
2026.03.02 13:11:44 WARN  Running javac-semanticdb failed for file:///C:/Users/sman5/Desktop/Java/Interface/src/LaunchInterface1.java. Output:

2026.03.02 13:11:44 INFO  no build target found for C:\Users\sman5\Desktop\Java\Interface\src\LaunchInterface1.java. Using fallback presentation compiler.
2026.03.02 13:11:44 INFO  no build target found for C:\Users\sman5\Desktop\Java\Interface\src\LaunchInterface1.java. Using fallback presentation compiler.
2026.03.02 13:11:44 INFO  no build target found for C:\Users\sman5\Desktop\Java\Interface\src\LaunchInterface1.java. Using fallback presentation compiler.
2026.03.02 13:11:44 INFO  no build target found for C:\Users\sman5\Desktop\Java\Interface\src\LaunchInterface1.java. Using fallback presentation compiler.
2026.03.02 13:11:45 WARN  Running javac-semanticdb failed for file:///C:/Users/sman5/Desktop/Java/Interface/src/LaunchInterface1.java. Output:

2026.03.02 13:11:44 INFO  no build target found for C:\Users\sman5\Desktop\Java\Interface\src\LaunchInterface1.java. Using fallback presentation compiler.
2026.03.02 13:11:44 INFO  no build target found for C:\Users\sman5\Desktop\Java\Interface\src\LaunchInterface1.java. Using fallback presentation compiler.
2026.03.02 13:11:45 INFO  no build target found for C:\Users\sman5\Desktop\Java\Interface\src\LaunchInterface1.java. Using fallback presentation compiler.
2026.03.02 13:11:45 WARN  Running javac-semanticdb failed for file:///C:/Users/sman5/Desktop/Java/Interface/src/LaunchInterface1.java. Output:

2026.03.02 13:11:45 WARN  no build target for: C:\Users\sman5\Desktop\Java\Interface\src\LaunchInterface1.java
2026.03.02 13:11:45 INFO  no build target found for C:\Users\sman5\Desktop\Java\Interface\src\LaunchInterface1.java. Using fallback presentation compiler.
2026.03.02 13:11:45 INFO  no build target found for C:\Users\sman5\Desktop\Java\Interface\src\LaunchInterface1.java. Using fallback presentation compiler.
2026.03.02 13:11:45 INFO  no build target found for C:\Users\sman5\Desktop\Java\Interface\src\LaunchInterface1.java. Using fallback presentation compiler.
2026.03.02 13:11:45 INFO  no build target found for C:\Users\sman5\Desktop\Java\Interface\src\LaunchInterface1.java. Using fallback presentation compiler.
2026.03.02 13:11:46 INFO  no build target found for C:\Users\sman5\Desktop\Java\Interface\src\LaunchInterface1.java. Using fallback presentation compiler.
2026.03.02 13:11:45 INFO  no build target found for C:\Users\sman5\Desktop\Java\Interface\src\LaunchInterface1.java. Using fallback presentation compiler.
2026.03.02 13:11:46 WARN  Running javac-semanticdb failed for file:///C:/Users/sman5/Desktop/Java/Interface/src/LaunchInterface1.java. Output:

2026.03.02 13:11:46 WARN  no build target for: C:\Users\sman5\Desktop\Java\Interface\src\LaunchInterface1.java
2026.03.02 13:11:46 INFO  no build target found for C:\Users\sman5\Desktop\Java\Interface\src\LaunchInterface1.java. Using fallback presentation compiler.
2026.03.02 13:11:45 INFO  no build target found for C:\Users\sman5\Desktop\Java\Interface\src\LaunchInterface1.java. Using fallback presentation compiler.
2026.03.02 13:11:47 INFO  no build target found for C:\Users\sman5\Desktop\Java\Interface\src\LaunchInterface1.java. Using fallback presentation compiler.
2026.03.02 13:11:47 INFO  no build target found for C:\Users\sman5\Desktop\Java\Interface\src\LaunchInterface1.java. Using fallback presentation compiler.
2026.03.02 13:11:47 INFO  no build target found for C:\Users\sman5\Desktop\Java\Interface\src\LaunchInterface1.java. Using fallback presentation compiler.
2026.03.02 13:11:47 INFO  no build target found for C:\Users\sman5\Desktop\Java\Interface\src\LaunchInterface1.java. Using fallback presentation compiler.
2026.03.02 13:11:47 INFO  no build target found for C:\Users\sman5\Desktop\Java\Interface\src\LaunchInterface1.java. Using fallback presentation compiler.
2026.03.02 13:11:48 INFO  no build target found for C:\Users\sman5\Desktop\Java\Interface\src\LaunchInterface1.java. Using fallback presentation compiler.
2026.03.02 13:11:48 INFO  no build target found for C:\Users\sman5\Desktop\Java\Interface\src\LaunchInterface1.java. Using fallback presentation compiler.
2026.03.02 13:11:48 INFO  no build target found for C:\Users\sman5\Desktop\Java\Interface\src\LaunchInterface1.java. Using fallback presentation compiler.
Mar 02, 2026 1:11:48 PM org.eclipse.lsp4j.jsonrpc.RemoteEndpoint handleCancellation
WARNING: Unmatched cancel notification for request id 1723
2026.03.02 13:11:48 INFO  no build target found for C:\Users\sman5\Desktop\Java\Interface\src\LaunchInterface1.java. Using fallback presentation compiler.
2026.03.02 13:11:48 INFO  no build target found for C:\Users\sman5\Desktop\Java\Interface\src\LaunchInterface1.java. Using fallback presentation compiler.
2026.03.02 13:11:48 INFO  no build target found for C:\Users\sman5\Desktop\Java\Interface\src\LaunchInterface1.java. Using fallback presentation compiler.
2026.03.02 13:11:48 INFO  no build target found for C:\Users\sman5\Desktop\Java\Interface\src\LaunchInterface1.java. Using fallback presentation compiler.
2026.03.02 13:11:49 INFO  no build target found for C:\Users\sman5\Desktop\Java\Interface\src\LaunchInterface1.java. Using fallback presentation compiler.
2026.03.02 13:11:49 WARN  no build target for: C:\Users\sman5\Desktop\Java\Interface\src\LaunchInterface1.java
2026.03.02 13:11:49 INFO  no build target found for C:\Users\sman5\Desktop\Java\Interface\src\LaunchInterface1.java. Using fallback presentation compiler.
2026.03.02 13:11:49 INFO  no build target found for C:\Users\sman5\Desktop\Java\Interface\src\LaunchInterface1.java. Using fallback presentation compiler.
2026.03.02 13:11:49 INFO  no build target found for C:\Users\sman5\Desktop\Java\Interface\src\LaunchInterface1.java. Using fallback presentation compiler.
2026.03.02 13:11:52 INFO  no build target found for C:\Users\sman5\Desktop\Java\Interface\src\LaunchInterface1.java. Using fallback presentation compiler.
2026.03.02 13:11:52 INFO  no build target found for C:\Users\sman5\Desktop\Java\Interface\src\LaunchInterface1.java. Using fallback presentation compiler.
2026.03.02 13:11:52 WARN  no build target for: C:\Users\sman5\Desktop\Java\Interface\src\LaunchInterface1.java
2026.03.02 13:11:52 INFO  no build target found for C:\Users\sman5\Desktop\Java\Interface\src\LaunchInterface1.java. Using fallback presentation compiler.
2026.03.02 13:11:52 INFO  no build target found for C:\Users\sman5\Desktop\Java\Interface\src\LaunchInterface1.java. Using fallback presentation compiler.
2026.03.02 13:11:52 INFO  no build target found for C:\Users\sman5\Desktop\Java\Interface\src\LaunchInterface1.java. Using fallback presentation compiler.
2026.03.02 13:11:53 INFO  no build target found for C:\Users\sman5\Desktop\Java\Interface\src\LaunchInterface1.java. Using fallback presentation compiler.
2026.03.02 13:11:53 INFO  no build target found for C:\Users\sman5\Desktop\Java\Interface\src\LaunchInterface1.java. Using fallback presentation compiler.
2026.03.02 13:11:53 INFO  no build target found for C:\Users\sman5\Desktop\Java\Interface\src\LaunchInterface1.java. Using fallback presentation compiler.
2026.03.02 13:11:53 INFO  no build target found for C:\Users\sman5\Desktop\Java\Interface\src\LaunchInterface1.java. Using fallback presentation compiler.
2026.03.02 13:11:53 INFO  no build target found for C:\Users\sman5\Desktop\Java\Interface\src\LaunchInterface1.java. Using fallback presentation compiler.
Mar 02, 2026 1:11:53 PM org.eclipse.lsp4j.jsonrpc.RemoteEndpoint handleCancellation
WARNING: Unmatched cancel notification for request id 1757
2026.03.02 13:11:53 INFO  no build target found for C:\Users\sman5\Desktop\Java\Interface\src\LaunchInterface1.java. Using fallback presentation compiler.
2026.03.02 13:11:53 INFO  no build target found for C:\Users\sman5\Desktop\Java\Interface\src\LaunchInterface1.java. Using fallback presentation compiler.
2026.03.02 13:11:54 INFO  no build target found for C:\Users\sman5\Desktop\Java\Interface\src\LaunchInterface1.java. Using fallback presentation compiler.
2026.03.02 13:11:53 INFO  no build target found for C:\Users\sman5\Desktop\Java\Interface\src\LaunchInterface1.java. Using fallback presentation compiler.
Mar 02, 2026 1:11:54 PM org.eclipse.lsp4j.jsonrpc.RemoteEndpoint handleCancellation
WARNING: Unmatched cancel notification for request id 1766
2026.03.02 13:11:54 INFO  no build target found for C:\Users\sman5\Desktop\Java\Interface\src\LaunchInterface1.java. Using fallback presentation compiler.
2026.03.02 13:11:54 INFO  no build target found for C:\Users\sman5\Desktop\Java\Interface\src\LaunchInterface1.java. Using fallback presentation compiler.
2026.03.02 13:11:54 INFO  no build target found for C:\Users\sman5\Desktop\Java\Interface\src\LaunchInterface1.java. Using fallback presentation compiler.
2026.03.02 13:11:54 INFO  no build target found for C:\Users\sman5\Desktop\Java\Interface\src\LaunchInterface1.java. Using fallback presentation compiler.
2026.03.02 13:11:54 INFO  no build target found for C:\Users\sman5\Desktop\Java\Interface\src\LaunchInterface1.java. Using fallback presentation compiler.
2026.03.02 13:11:54 INFO  no build target found for C:\Users\sman5\Desktop\Java\Interface\src\LaunchInterface1.java. Using fallback presentation compiler.
2026.03.02 13:11:54 INFO  no build target found for C:\Users\sman5\Desktop\Java\Interface\src\LaunchInterface1.java. Using fallback presentation compiler.
2026.03.02 13:11:54 INFO  no build target found for C:\Users\sman5\Desktop\Java\Interface\src\LaunchInterface1.java. Using fallback presentation compiler.
2026.03.02 13:11:54 INFO  no build target found for C:\Users\sman5\Desktop\Java\Interface\src\LaunchInterface1.java. Using fallback presentation compiler.
2026.03.02 13:11:54 INFO  no build target found for C:\Users\sman5\Desktop\Java\Interface\src\LaunchInterface1.java. Using fallback presentation compiler.
2026.03.02 13:11:54 INFO  no build target found for C:\Users\sman5\Desktop\Java\Interface\src\LaunchInterface1.java. Using fallback presentation compiler.
2026.03.02 13:11:55 INFO  no build target found for C:\Users\sman5\Desktop\Java\Interface\src\LaunchInterface1.java. Using fallback presentation compiler.
2026.03.02 13:11:54 INFO  no build target found for C:\Users\sman5\Desktop\Java\Interface\src\LaunchInterface1.java. Using fallback presentation compiler.
2026.03.02 13:11:55 WARN  no build target for: C:\Users\sman5\Desktop\Java\Interface\src\LaunchInterface1.java
2026.03.02 13:11:55 INFO  no build target found for C:\Users\sman5\Desktop\Java\Interface\src\LaunchInterface1.java. Using fallback presentation compiler.
2026.03.02 13:11:55 INFO  no build target found for C:\Users\sman5\Desktop\Java\Interface\src\LaunchInterface1.java. Using fallback presentation compiler.
2026.03.02 13:11:55 INFO  no build target found for C:\Users\sman5\Desktop\Java\Interface\src\LaunchInterface1.java. Using fallback presentation compiler.
2026.03.02 13:11:55 INFO  no build target found for C:\Users\sman5\Desktop\Java\Interface\src\LaunchInterface1.java. Using fallback presentation compiler.
2026.03.02 13:11:55 INFO  no build target found for C:\Users\sman5\Desktop\Java\Interface\src\LaunchInterface1.java. Using fallback presentation compiler.
2026.03.02 13:11:56 INFO  no build target found for C:\Users\sman5\Desktop\Java\Interface\src\LaunchInterface1.java. Using fallback presentation compiler.
2026.03.02 13:11:56 WARN  no build target for: C:\Users\sman5\Desktop\Java\Interface\src\LaunchInterface1.java
2026.03.02 13:11:56 INFO  no build target found for C:\Users\sman5\Desktop\Java\Interface\src\LaunchInterface1.java. Using fallback presentation compiler.
2026.03.02 13:11:55 INFO  no build target found for C:\Users\sman5\Desktop\Java\Interface\src\LaunchInterface1.java. Using fallback presentation compiler.
Mar 02, 2026 1:11:56 PM org.eclipse.lsp4j.jsonrpc.RemoteEndpoint handleCancellation
WARNING: Unmatched cancel notification for request id 1801
2026.03.02 13:11:56 INFO  no build target found for C:\Users\sman5\Desktop\Java\Interface\src\LaunchInterface1.java. Using fallback presentation compiler.
2026.03.02 13:11:56 INFO  no build target found for C:\Users\sman5\Desktop\Java\Interface\src\LaunchInterface1.java. Using fallback presentation compiler.
2026.03.02 13:11:56 INFO  no build target found for C:\Users\sman5\Desktop\Java\Interface\src\LaunchInterface1.java. Using fallback presentation compiler.
2026.03.02 13:11:57 INFO  no build target found for C:\Users\sman5\Desktop\Java\Interface\src\LaunchInterface1.java. Using fallback presentation compiler.
2026.03.02 13:11:56 INFO  no build target found for C:\Users\sman5\Desktop\Java\Interface\src\LaunchInterface1.java. Using fallback presentation compiler.
2026.03.02 13:11:57 WARN  Running javac-semanticdb failed for file:///C:/Users/sman5/Desktop/Java/Interface/src/LaunchInterface1.java. Output:

2026.03.02 13:11:56 INFO  no build target found for C:\Users\sman5\Desktop\Java\Interface\src\LaunchInterface1.java. Using fallback presentation compiler.
2026.03.02 13:11:56 INFO  no build target found for C:\Users\sman5\Desktop\Java\Interface\src\LaunchInterface1.java. Using fallback presentation compiler.
2026.03.02 13:11:57 WARN  Running javac-semanticdb failed for file:///C:/Users/sman5/Desktop/Java/Interface/src/LaunchInterface1.java. Output:

2026.03.02 13:11:57 INFO  no build target found for C:\Users\sman5\Desktop\Java\Interface\src\LaunchInterface1.java. Using fallback presentation compiler.
2026.03.02 13:11:58 WARN  no build target for: C:\Users\sman5\Desktop\Java\Interface\src\LaunchInterface1.java
2026.03.02 13:11:57 INFO  no build target found for C:\Users\sman5\Desktop\Java\Interface\src\LaunchInterface1.java. Using fallback presentation compiler.
2026.03.02 13:11:58 INFO  no build target found for C:\Users\sman5\Desktop\Java\Interface\src\LaunchInterface1.java. Using fallback presentation compiler.
2026.03.02 13:11:58 INFO  no build target found for C:\Users\sman5\Desktop\Java\Interface\src\LaunchInterface1.java. Using fallback presentation compiler.
2026.03.02 13:11:58 INFO  no build target found for C:\Users\sman5\Desktop\Java\Interface\src\LaunchInterface1.java. Using fallback presentation compiler.
2026.03.02 13:11:58 INFO  no build target found for C:\Users\sman5\Desktop\Java\Interface\src\LaunchInterface1.java. Using fallback presentation compiler.
2026.03.02 13:11:59 INFO  no build target found for C:\Users\sman5\Desktop\Java\Interface\src\LaunchInterface1.java. Using fallback presentation compiler.
2026.03.02 13:11:59 INFO  no build target found for C:\Users\sman5\Desktop\Java\Interface\src\LaunchInterface1.java. Using fallback presentation compiler.
2026.03.02 13:11:59 INFO  no build target found for C:\Users\sman5\Desktop\Java\Interface\src\LaunchInterface1.java. Using fallback presentation compiler.
2026.03.02 13:11:59 WARN  Running javac-semanticdb failed for file:///C:/Users/sman5/Desktop/Java/Interface/src/LaunchInterface1.java. Output:

2026.03.02 13:11:59 WARN  no build target for: C:\Users\sman5\Desktop\Java\Interface\src\LaunchInterface1.java
2026.03.02 13:11:59 INFO  no build target found for C:\Users\sman5\Desktop\Java\Interface\src\LaunchInterface1.java. Using fallback presentation compiler.
2026.03.02 13:11:59 INFO  no build target found for C:\Users\sman5\Desktop\Java\Interface\src\LaunchInterface1.java. Using fallback presentation compiler.
2026.03.02 13:11:59 WARN  Running javac-semanticdb failed for file:///C:/Users/sman5/Desktop/Java/Interface/src/LaunchInterface1.java. Output:

2026.03.02 13:12:00 INFO  no build target found for C:\Users\sman5\Desktop\Java\Interface\src\LaunchInterface1.java. Using fallback presentation compiler.
2026.03.02 13:11:59 INFO  no build target found for C:\Users\sman5\Desktop\Java\Interface\src\LaunchInterface1.java. Using fallback presentation compiler.
2026.03.02 13:12:00 WARN  no build target for: C:\Users\sman5\Desktop\Java\Interface\src\LaunchInterface1.java
2026.03.02 13:11:59 INFO  no build target found for C:\Users\sman5\Desktop\Java\Interface\src\LaunchInterface1.java. Using fallback presentation compiler.
2026.03.02 13:12:00 INFO  no build target found for C:\Users\sman5\Desktop\Java\Interface\src\LaunchInterface1.java. Using fallback presentation compiler.
2026.03.02 13:12:00 INFO  no build target found for C:\Users\sman5\Desktop\Java\Interface\src\LaunchInterface1.java. Using fallback presentation compiler.
2026.03.02 13:12:00 INFO  no build target found for C:\Users\sman5\Desktop\Java\Interface\src\LaunchInterface1.java. Using fallback presentation compiler.
2026.03.02 13:12:00 INFO  no build target found for C:\Users\sman5\Desktop\Java\Interface\src\LaunchInterface1.java. Using fallback presentation compiler.
2026.03.02 13:12:01 INFO  no build target found for C:\Users\sman5\Desktop\Java\Interface\src\LaunchInterface1.java. Using fallback presentation compiler.
2026.03.02 13:12:01 WARN  Running javac-semanticdb failed for file:///C:/Users/sman5/Desktop/Java/Interface/src/LaunchInterface1.java. Output:

2026.03.02 13:12:01 WARN  no build target for: C:\Users\sman5\Desktop\Java\Interface\src\LaunchInterface1.java
2026.03.02 13:12:01 INFO  no build target found for C:\Users\sman5\Desktop\Java\Interface\src\LaunchInterface1.java. Using fallback presentation compiler.
2026.03.02 13:12:01 INFO  no build target found for C:\Users\sman5\Desktop\Java\Interface\src\LaunchInterface1.java. Using fallback presentation compiler.
2026.03.02 13:12:01 INFO  no build target found for C:\Users\sman5\Desktop\Java\Interface\src\LaunchInterface1.java. Using fallback presentation compiler.
2026.03.02 13:12:01 INFO  no build target found for C:\Users\sman5\Desktop\Java\Interface\src\LaunchInterface1.java. Using fallback presentation compiler.
2026.03.02 13:12:02 WARN  Running javac-semanticdb failed for file:///C:/Users/sman5/Desktop/Java/Interface/src/LaunchInterface1.java. Output:

2026.03.02 13:12:02 INFO  no build target found for C:\Users\sman5\Desktop\Java\Interface\src\LaunchInterface1.java. Using fallback presentation compiler.
2026.03.02 13:12:01 INFO  no build target found for C:\Users\sman5\Desktop\Java\Interface\src\LaunchInterface1.java. Using fallback presentation compiler.
2026.03.02 13:12:02 WARN  no build target for: C:\Users\sman5\Desktop\Java\Interface\src\LaunchInterface1.java
2026.03.02 13:12:01 INFO  no build target found for C:\Users\sman5\Desktop\Java\Interface\src\LaunchInterface1.java. Using fallback presentation compiler.
2026.03.02 13:12:01 INFO  no build target found for C:\Users\sman5\Desktop\Java\Interface\src\LaunchInterface1.java. Using fallback presentation compiler.
2026.03.02 13:12:02 INFO  no build target found for C:\Users\sman5\Desktop\Java\Interface\src\LaunchInterface1.java. Using fallback presentation compiler.
2026.03.02 13:12:02 INFO  no build target found for C:\Users\sman5\Desktop\Java\Interface\src\LaunchInterface1.java. Using fallback presentation compiler.
2026.03.02 13:12:02 INFO  no build target found for C:\Users\sman5\Desktop\Java\Interface\src\LaunchInterface1.java. Using fallback presentation compiler.
2026.03.02 13:12:03 INFO  no build target found for C:\Users\sman5\Desktop\Java\Interface\src\LaunchInterface1.java. Using fallback presentation compiler.
2026.03.02 13:12:03 WARN  Running javac-semanticdb failed for file:///C:/Users/sman5/Desktop/Java/Interface/src/LaunchInterface1.java. Output:

2026.03.02 13:12:03 WARN  no build target for: C:\Users\sman5\Desktop\Java\Interface\src\LaunchInterface1.java
2026.03.02 13:12:04 INFO  no build target found for C:\Users\sman5\Desktop\Java\Interface\src\LaunchInterface1.java. Using fallback presentation compiler.
2026.03.02 13:12:04 INFO  no build target found for C:\Users\sman5\Desktop\Java\Interface\src\LaunchInterface1.java. Using fallback presentation compiler.
2026.03.02 13:12:04 INFO  no build target found for C:\Users\sman5\Desktop\Java\Interface\src\LaunchInterface1.java. Using fallback presentation compiler.
2026.03.02 13:12:04 INFO  no build target found for C:\Users\sman5\Desktop\Java\Interface\src\LaunchInterface1.java. Using fallback presentation compiler.
2026.03.02 13:12:05 INFO  no build target found for C:\Users\sman5\Desktop\Java\Interface\src\LaunchInterface1.java. Using fallback presentation compiler.
2026.03.02 13:12:07 INFO  no build target found for C:\Users\sman5\Desktop\Java\Interface\src\LaunchInterface1.java. Using fallback presentation compiler.
2026.03.02 13:12:07 INFO  no build target found for C:\Users\sman5\Desktop\Java\Interface\src\LaunchInterface1.java. Using fallback presentation compiler.
2026.03.02 13:12:07 INFO  no build target found for C:\Users\sman5\Desktop\Java\Interface\src\LaunchInterface1.java. Using fallback presentation compiler.
2026.03.02 13:12:07 WARN  no build target for: C:\Users\sman5\Desktop\Java\Interface\src\LaunchInterface1.java
2026.03.02 13:12:07 INFO  no build target found for C:\Users\sman5\Desktop\Java\Interface\src\LaunchInterface1.java. Using fallback presentation compiler.
2026.03.02 13:12:07 INFO  no build target found for C:\Users\sman5\Desktop\Java\Interface\src\LaunchInterface1.java. Using fallback presentation compiler.
2026.03.02 13:12:08 INFO  no build target found for C:\Users\sman5\Desktop\Java\Interface\src\LaunchInterface1.java. Using fallback presentation compiler.
2026.03.02 13:12:10 INFO  no build target found for C:\Users\sman5\Desktop\Java\Interface\src\LaunchInterface1.java. Using fallback presentation compiler.
2026.03.02 13:12:10 INFO  no build target found for C:\Users\sman5\Desktop\Java\Interface\src\LaunchInterface1.java. Using fallback presentation compiler.
2026.03.02 13:12:10 INFO  no build target found for C:\Users\sman5\Desktop\Java\Interface\src\LaunchInterface1.java. Using fallback presentation compiler.
2026.03.02 13:12:10 INFO  no build target found for C:\Users\sman5\Desktop\Java\Interface\src\LaunchInterface1.java. Using fallback presentation compiler.
2026.03.02 13:12:12 INFO  no build target found for C:\Users\sman5\Desktop\Java\Interface\src\LaunchInterface1.java. Using fallback presentation compiler.
2026.03.02 13:12:12 INFO  no build target found for C:\Users\sman5\Desktop\Java\Interface\src\LaunchInterface1.java. Using fallback presentation compiler.
2026.03.02 13:12:17 INFO  no build target found for C:\Users\sman5\Desktop\Java\Interface\src\LaunchInterface1.java. Using fallback presentation compiler.
2026.03.02 13:12:17 INFO  no build target found for C:\Users\sman5\Desktop\Java\Interface\src\LaunchInterface1.java. Using fallback presentation compiler.
2026.03.02 13:12:17 INFO  no build target found for C:\Users\sman5\Desktop\Java\Interface\src\LaunchInterface1.java. Using fallback presentation compiler.
2026.03.02 13:12:17 WARN  no build target for: C:\Users\sman5\Desktop\Java\Interface\src\LaunchInterface1.java
2026.03.02 13:12:17 INFO  no build target found for C:\Users\sman5\Desktop\Java\Interface\src\LaunchInterface1.java. Using fallback presentation compiler.
2026.03.02 13:12:17 INFO  no build target found for C:\Users\sman5\Desktop\Java\Interface\src\LaunchInterface1.java. Using fallback presentation compiler.
2026.03.02 13:12:18 INFO  no build target found for C:\Users\sman5\Desktop\Java\Interface\src\LaunchInterface1.java. Using fallback presentation compiler.
2026.03.02 13:12:18 INFO  no build target found for C:\Users\sman5\Desktop\Java\Interface\src\LaunchInterface1.java. Using fallback presentation compiler.
2026.03.02 13:12:18 INFO  no build target found for C:\Users\sman5\Desktop\Java\Interface\src\LaunchInterface1.java. Using fallback presentation compiler.
2026.03.02 13:12:18 INFO  no build target found for C:\Users\sman5\Desktop\Java\Interface\src\LaunchInterface1.java. Using fallback presentation compiler.
2026.03.02 13:12:18 INFO  no build target found for C:\Users\sman5\Desktop\Java\Interface\src\LaunchInterface1.java. Using fallback presentation compiler.
2026.03.02 13:12:18 INFO  no build target found for C:\Users\sman5\Desktop\Java\Interface\src\LaunchInterface1.java. Using fallback presentation compiler.
2026.03.02 13:12:19 INFO  no build target found for C:\Users\sman5\Desktop\Java\Interface\src\LaunchInterface1.java. Using fallback presentation compiler.
2026.03.02 13:12:18 INFO  no build target found for C:\Users\sman5\Desktop\Java\Interface\src\LaunchInterface1.java. Using fallback presentation compiler.
2026.03.02 13:12:19 WARN  no build target for: C:\Users\sman5\Desktop\Java\Interface\src\LaunchInterface1.java
2026.03.02 13:12:19 INFO  no build target found for C:\Users\sman5\Desktop\Java\Interface\src\LaunchInterface1.java. Using fallback presentation compiler.
2026.03.02 13:12:19 INFO  no build target found for C:\Users\sman5\Desktop\Java\Interface\src\LaunchInterface1.java. Using fallback presentation compiler.
2026.03.02 13:12:19 INFO  no build target found for C:\Users\sman5\Desktop\Java\Interface\src\LaunchInterface1.java. Using fallback presentation compiler.
2026.03.02 13:12:19 INFO  no build target found for C:\Users\sman5\Desktop\Java\Interface\src\LaunchInterface1.java. Using fallback presentation compiler.
2026.03.02 13:12:20 INFO  no build target found for C:\Users\sman5\Desktop\Java\Interface\src\LaunchInterface1.java. Using fallback presentation compiler.
2026.03.02 13:12:19 INFO  no build target found for C:\Users\sman5\Desktop\Java\Interface\src\LaunchInterface1.java. Using fallback presentation compiler.
2026.03.02 13:12:20 WARN  no build target for: C:\Users\sman5\Desktop\Java\Interface\src\LaunchInterface1.java
2026.03.02 13:12:20 INFO  no build target found for C:\Users\sman5\Desktop\Java\Interface\src\LaunchInterface1.java. Using fallback presentation compiler.
2026.03.02 13:12:19 INFO  no build target found for C:\Users\sman5\Desktop\Java\Interface\src\LaunchInterface1.java. Using fallback presentation compiler.
2026.03.02 13:12:21 INFO  no build target found for C:\Users\sman5\Desktop\Java\Interface\src\LaunchInterface1.java. Using fallback presentation compiler.
2026.03.02 13:12:21 INFO  no build target found for C:\Users\sman5\Desktop\Java\Interface\src\LaunchInterface1.java. Using fallback presentation compiler.
2026.03.02 13:12:21 INFO  no build target found for C:\Users\sman5\Desktop\Java\Interface\src\LaunchInterface1.java. Using fallback presentation compiler.
2026.03.02 13:12:21 INFO  no build target found for C:\Users\sman5\Desktop\Java\Interface\src\LaunchInterface1.java. Using fallback presentation compiler.
2026.03.02 13:12:20 WARN  no build target for: C:\Users\sman5\Desktop\Java\Interface\src\LaunchInterface1.java
2026.03.02 13:12:21 INFO  no build target found for C:\Users\sman5\Desktop\Java\Interface\src\LaunchInterface1.java. Using fallback presentation compiler.
2026.03.02 13:12:21 INFO  no build target found for C:\Users\sman5\Desktop\Java\Interface\src\LaunchInterface1.java. Using fallback presentation compiler.
2026.03.02 13:12:22 INFO  no build target found for C:\Users\sman5\Desktop\Java\Interface\src\LaunchInterface1.java. Using fallback presentation compiler.
2026.03.02 13:12:41 INFO  no build target found for C:\Users\sman5\Desktop\Java\Interface\src\LaunchInterface1.java. Using fallback presentation compiler.
2026.03.02 13:14:59 INFO  no build target found for C:\Users\sman5\Desktop\Java\Interface\src\LaunchInterface1.java. Using fallback presentation compiler.
2026.03.02 13:14:59 INFO  no build target found for C:\Users\sman5\Desktop\Java\Interface\src\LaunchInterface1.java. Using fallback presentation compiler.
2026.03.02 13:14:59 INFO  no build target found for C:\Users\sman5\Desktop\Java\Interface\src\LaunchInterface1.java. Using fallback presentation compiler.
2026.03.02 13:14:59 INFO  no build target found for C:\Users\sman5\Desktop\Java\Interface\src\LaunchInterface1.java. Using fallback presentation compiler.
2026.03.02 13:15:01 INFO  no build target found for C:\Users\sman5\Desktop\Java\Interface\src\LaunchInterface1.java. Using fallback presentation compiler.
2026.03.02 13:15:01 INFO  no build target found for C:\Users\sman5\Desktop\Java\Interface\src\LaunchInterface1.java. Using fallback presentation compiler.
2026.03.02 13:15:02 INFO  no build target found for C:\Users\sman5\Desktop\Java\Interface\src\LaunchInterface1.java. Using fallback presentation compiler.
2026.03.02 13:15:02 INFO  no build target found for C:\Users\sman5\Desktop\Java\Interface\src\LaunchInterface1.java. Using fallback presentation compiler.
Mar 02, 2026 1:15:02 PM org.eclipse.lsp4j.jsonrpc.RemoteEndpoint handleCancellation
WARNING: Unmatched cancel notification for request id 1988
2026.03.02 13:15:02 INFO  no build target found for C:\Users\sman5\Desktop\Java\Interface\src\LaunchInterface1.java. Using fallback presentation compiler.
2026.03.02 13:15:02 INFO  no build target found for C:\Users\sman5\Desktop\Java\Interface\src\LaunchInterface1.java. Using fallback presentation compiler.
2026.03.02 13:15:03 INFO  no build target found for C:\Users\sman5\Desktop\Java\Interface\src\LaunchInterface1.java. Using fallback presentation compiler.
2026.03.02 13:15:03 WARN  no build target for: C:\Users\sman5\Desktop\Java\Interface\src\LaunchInterface1.java
2026.03.02 13:15:03 INFO  no build target found for C:\Users\sman5\Desktop\Java\Interface\src\LaunchInterface1.java. Using fallback presentation compiler.
2026.03.02 13:15:02 INFO  no build target found for C:\Users\sman5\Desktop\Java\Interface\src\LaunchInterface1.java. Using fallback presentation compiler.
2026.03.02 13:15:02 INFO  no build target found for C:\Users\sman5\Desktop\Java\Interface\src\LaunchInterface1.java. Using fallback presentation compiler.
2026.03.02 13:15:03 INFO  no build target found for C:\Users\sman5\Desktop\Java\Interface\src\LaunchInterface1.java. Using fallback presentation compiler.
2026.03.02 13:15:03 INFO  no build target found for C:\Users\sman5\Desktop\Java\Interface\src\LaunchInterface1.java. Using fallback presentation compiler.
2026.03.02 13:15:04 WARN  no build target for: C:\Users\sman5\Desktop\Java\Interface\src\LaunchInterface1.java
2026.03.02 13:15:03 INFO  no build target found for C:\Users\sman5\Desktop\Java\Interface\src\LaunchInterface1.java. Using fallback presentation compiler.
2026.03.02 13:15:03 INFO  no build target found for C:\Users\sman5\Desktop\Java\Interface\src\LaunchInterface1.java. Using fallback presentation compiler.
2026.03.02 13:15:05 INFO  no build target found for C:\Users\sman5\Desktop\Java\Interface\src\LaunchInterface1.java. Using fallback presentation compiler.
2026.03.02 13:15:05 INFO  no build target found for C:\Users\sman5\Desktop\Java\Interface\src\LaunchInterface1.java. Using fallback presentation compiler.
Mar 02, 2026 1:15:05 PM org.eclipse.lsp4j.jsonrpc.RemoteEndpoint handleCancellation
WARNING: Unmatched cancel notification for request id 2009
2026.03.02 13:15:05 INFO  no build target found for C:\Users\sman5\Desktop\Java\Interface\src\LaunchInterface1.java. Using fallback presentation compiler.
2026.03.02 13:15:06 INFO  no build target found for C:\Users\sman5\Desktop\Java\Interface\src\LaunchInterface1.java. Using fallback presentation compiler.
Mar 02, 2026 1:15:06 PM org.eclipse.lsp4j.jsonrpc.RemoteEndpoint handleCancellation
WARNING: Unmatched cancel notification for request id 2011
2026.03.02 13:15:06 INFO  no build target found for C:\Users\sman5\Desktop\Java\Interface\src\LaunchInterface1.java. Using fallback presentation compiler.
2026.03.02 13:15:06 INFO  no build target found for C:\Users\sman5\Desktop\Java\Interface\src\LaunchInterface1.java. Using fallback presentation compiler.
2026.03.02 13:15:09 INFO  no build target found for C:\Users\sman5\Desktop\Java\Interface\src\LaunchInterface1.java. Using fallback presentation compiler.
Mar 02, 2026 1:15:09 PM org.eclipse.lsp4j.jsonrpc.RemoteEndpoint handleCancellation
WARNING: Unmatched cancel notification for request id 2014
2026.03.02 13:15:10 INFO  no build target found for C:\Users\sman5\Desktop\Java\Interface\src\LaunchInterface1.java. Using fallback presentation compiler.
2026.03.02 13:15:10 INFO  no build target found for C:\Users\sman5\Desktop\Java\Interface\src\LaunchInterface1.java. Using fallback presentation compiler.
2026.03.02 13:15:11 INFO  no build target found for C:\Users\sman5\Desktop\Java\Interface\src\LaunchInterface1.java. Using fallback presentation compiler.
2026.03.02 13:15:11 INFO  no build target found for C:\Users\sman5\Desktop\Java\Interface\src\LaunchInterface1.java. Using fallback presentation compiler.
2026.03.02 13:15:14 INFO  no build target found for C:\Users\sman5\Desktop\Java\Interface\src\LaunchInterface1.java. Using fallback presentation compiler.
2026.03.02 13:15:14 INFO  no build target found for C:\Users\sman5\Desktop\Java\Interface\src\LaunchInterface1.java. Using fallback presentation compiler.
2026.03.02 13:15:14 INFO  no build target found for C:\Users\sman5\Desktop\Java\Interface\src\LaunchInterface1.java. Using fallback presentation compiler.
2026.03.02 13:15:14 INFO  no build target found for C:\Users\sman5\Desktop\Java\Interface\src\LaunchInterface1.java. Using fallback presentation compiler.
2026.03.02 13:15:14 INFO  no build target found for C:\Users\sman5\Desktop\Java\Interface\src\LaunchInterface1.java. Using fallback presentation compiler.
2026.03.02 13:15:14 INFO  no build target found for C:\Users\sman5\Desktop\Java\Interface\src\LaunchInterface1.java. Using fallback presentation compiler.
2026.03.02 13:15:14 INFO  no build target found for C:\Users\sman5\Desktop\Java\Interface\src\LaunchInterface1.java. Using fallback presentation compiler.
2026.03.02 13:15:14 INFO  no build target found for C:\Users\sman5\Desktop\Java\Interface\src\LaunchInterface1.java. Using fallback presentation compiler.
2026.03.02 13:15:14 INFO  no build target found for C:\Users\sman5\Desktop\Java\Interface\src\LaunchInterface1.java. Using fallback presentation compiler.
2026.03.02 13:15:14 INFO  no build target found for C:\Users\sman5\Desktop\Java\Interface\src\LaunchInterface1.java. Using fallback presentation compiler.
2026.03.02 13:15:14 INFO  no build target found for C:\Users\sman5\Desktop\Java\Interface\src\LaunchInterface1.java. Using fallback presentation compiler.
2026.03.02 13:15:15 INFO  no build target found for C:\Users\sman5\Desktop\Java\Interface\src\LaunchInterface1.java. Using fallback presentation compiler.
2026.03.02 13:15:15 INFO  no build target found for C:\Users\sman5\Desktop\Java\Interface\src\LaunchInterface1.java. Using fallback presentation compiler.
2026.03.02 13:15:15 WARN  no build target for: C:\Users\sman5\Desktop\Java\Interface\src\LaunchInterface1.java
2026.03.02 13:15:15 INFO  QDox parse error in file:///C:/Users/sman5/Desktop/Java/Interface/src/LaunchInterface1.java (full report at: "C:\Users\sman5\Desktop\Java\Interface\.metals\.reports\metals-full\2026-03-02\r_qdox-error_13-00-36-123.md")
2026.03.02 13:15:15 INFO  no build target found for C:\Users\sman5\Desktop\Java\Interface\src\LaunchInterface1.java. Using fallback presentation compiler.
2026.03.02 13:15:15 INFO  no build target found for C:\Users\sman5\Desktop\Java\Interface\src\LaunchInterface1.java. Using fallback presentation compiler.
2026.03.02 13:15:15 INFO  no build target found for C:\Users\sman5\Desktop\Java\Interface\src\LaunchInterface1.java. Using fallback presentation compiler.
2026.03.02 13:15:16 INFO  no build target found for C:\Users\sman5\Desktop\Java\Interface\src\LaunchInterface1.java. Using fallback presentation compiler.
2026.03.02 13:15:16 WARN  Running javac-semanticdb failed for file:///C:/Users/sman5/Desktop/Java/Interface/src/LaunchInterface1.java. Output:

2026.03.02 13:15:16 WARN  no build target for: C:\Users\sman5\Desktop\Java\Interface\src\LaunchInterface1.java
2026.03.02 13:15:15 INFO  no build target found for C:\Users\sman5\Desktop\Java\Interface\src\LaunchInterface1.java. Using fallback presentation compiler.
2026.03.02 13:15:16 INFO  no build target found for C:\Users\sman5\Desktop\Java\Interface\src\LaunchInterface1.java. Using fallback presentation compiler.
2026.03.02 13:15:16 INFO  no build target found for C:\Users\sman5\Desktop\Java\Interface\src\LaunchInterface1.java. Using fallback presentation compiler.
2026.03.02 13:15:17 INFO  no build target found for C:\Users\sman5\Desktop\Java\Interface\src\LaunchInterface1.java. Using fallback presentation compiler.
2026.03.02 13:15:17 INFO  no build target found for C:\Users\sman5\Desktop\Java\Interface\src\LaunchInterface1.java. Using fallback presentation compiler.
2026.03.02 13:15:17 INFO  no build target found for C:\Users\sman5\Desktop\Java\Interface\src\LaunchInterface1.java. Using fallback presentation compiler.
2026.03.02 13:15:18 INFO  no build target found for C:\Users\sman5\Desktop\Java\Interface\src\LaunchInterface1.java. Using fallback presentation compiler.
2026.03.02 13:15:18 WARN  no build target for: C:\Users\sman5\Desktop\Java\Interface\src\LaunchInterface1.java
2026.03.02 13:15:18 INFO  no build target found for C:\Users\sman5\Desktop\Java\Interface\src\LaunchInterface1.java. Using fallback presentation compiler.
2026.03.02 13:15:18 INFO  no build target found for C:\Users\sman5\Desktop\Java\Interface\src\LaunchInterface1.java. Using fallback presentation compiler.
2026.03.02 13:15:18 INFO  no build target found for C:\Users\sman5\Desktop\Java\Interface\src\LaunchInterface1.java. Using fallback presentation compiler.
2026.03.02 13:15:18 INFO  no build target found for C:\Users\sman5\Desktop\Java\Interface\src\LaunchInterface1.java. Using fallback presentation compiler.
2026.03.02 13:15:19 INFO  no build target found for C:\Users\sman5\Desktop\Java\Interface\src\LaunchInterface1.java. Using fallback presentation compiler.
2026.03.02 13:15:19 INFO  no build target found for C:\Users\sman5\Desktop\Java\Interface\src\LaunchInterface1.java. Using fallback presentation compiler.
2026.03.02 13:15:19 WARN  no build target for: C:\Users\sman5\Desktop\Java\Interface\src\LaunchInterface1.java
2026.03.02 13:15:19 INFO  no build target found for C:\Users\sman5\Desktop\Java\Interface\src\LaunchInterface1.java. Using fallback presentation compiler.
2026.03.02 13:15:19 INFO  no build target found for C:\Users\sman5\Desktop\Java\Interface\src\LaunchInterface1.java. Using fallback presentation compiler.
2026.03.02 13:15:20 INFO  no build target found for C:\Users\sman5\Desktop\Java\Interface\src\LaunchInterface1.java. Using fallback presentation compiler.
2026.03.02 13:15:30 INFO  no build target found for C:\Users\sman5\Desktop\Java\Interface\src\LaunchInterface1.java. Using fallback presentation compiler.
2026.03.02 13:15:35 INFO  no build target found for C:\Users\sman5\Desktop\Java\Interface\src\LaunchInterface1.java. Using fallback presentation compiler.
2026.03.02 13:15:35 INFO  no build target found for C:\Users\sman5\Desktop\Java\Interface\src\LaunchInterface1.java. Using fallback presentation compiler.
2026.03.02 13:15:38 INFO  no build target found for C:\Users\sman5\Desktop\Java\Interface\src\LaunchInterface1.java. Using fallback presentation compiler.
2026.03.02 13:15:38 INFO  no build target found for C:\Users\sman5\Desktop\Java\Interface\src\LaunchInterface1.java. Using fallback presentation compiler.
2026.03.02 13:15:38 INFO  no build target found for C:\Users\sman5\Desktop\Java\Interface\src\LaunchInterface1.java. Using fallback presentation compiler.
2026.03.02 13:15:39 INFO  no build target found for C:\Users\sman5\Desktop\Java\Interface\src\LaunchInterface1.java. Using fallback presentation compiler.
2026.03.02 13:15:39 INFO  no build target found for C:\Users\sman5\Desktop\Java\Interface\src\LaunchInterface1.java. Using fallback presentation compiler.
2026.03.02 13:15:39 INFO  no build target found for C:\Users\sman5\Desktop\Java\Interface\src\LaunchInterface1.java. Using fallback presentation compiler.
2026.03.02 13:15:40 INFO  no build target found for C:\Users\sman5\Desktop\Java\Interface\src\LaunchInterface1.java. Using fallback presentation compiler.
2026.03.02 13:15:40 INFO  no build target found for C:\Users\sman5\Desktop\Java\Interface\src\LaunchInterface1.java. Using fallback presentation compiler.
2026.03.02 13:15:40 INFO  no build target found for C:\Users\sman5\Desktop\Java\Interface\src\LaunchInterface1.java. Using fallback presentation compiler.
2026.03.02 13:15:41 WARN  no build target for: C:\Users\sman5\Desktop\Java\Interface\src\LaunchInterface1.java
2026.03.02 13:15:40 INFO  no build target found for C:\Users\sman5\Desktop\Java\Interface\src\LaunchInterface1.java. Using fallback presentation compiler.
2026.03.02 13:15:40 INFO  no build target found for C:\Users\sman5\Desktop\Java\Interface\src\LaunchInterface1.java. Using fallback presentation compiler.
2026.03.02 13:15:40 INFO  no build target found for C:\Users\sman5\Desktop\Java\Interface\src\LaunchInterface1.java. Using fallback presentation compiler.
2026.03.02 13:15:40 INFO  no build target found for C:\Users\sman5\Desktop\Java\Interface\src\LaunchInterface1.java. Using fallback presentation compiler.
2026.03.02 13:15:41 INFO  no build target found for C:\Users\sman5\Desktop\Java\Interface\src\LaunchInterface1.java. Using fallback presentation compiler.
2026.03.02 13:15:41 WARN  no build target for: C:\Users\sman5\Desktop\Java\Interface\src\LaunchInterface1.java
2026.03.02 13:15:41 INFO  no build target found for C:\Users\sman5\Desktop\Java\Interface\src\LaunchInterface1.java. Using fallback presentation compiler.
2026.03.02 13:15:42 INFO  no build target found for C:\Users\sman5\Desktop\Java\Interface\src\LaunchInterface1.java. Using fallback presentation compiler.
2026.03.02 13:15:42 INFO  no build target found for C:\Users\sman5\Desktop\Java\Interface\src\LaunchInterface1.java. Using fallback presentation compiler.
2026.03.02 13:15:42 INFO  no build target found for C:\Users\sman5\Desktop\Java\Interface\src\LaunchInterface1.java. Using fallback presentation compiler.
2026.03.02 13:15:42 WARN  no build target for: C:\Users\sman5\Desktop\Java\Interface\src\LaunchInterface1.java
2026.03.02 13:15:42 INFO  no build target found for C:\Users\sman5\Desktop\Java\Interface\src\LaunchInterface1.java. Using fallback presentation compiler.
2026.03.02 13:15:43 INFO  no build target found for C:\Users\sman5\Desktop\Java\Interface\src\LaunchInterface1.java. Using fallback presentation compiler.
2026.03.02 13:15:44 INFO  no build target found for C:\Users\sman5\Desktop\Java\Interface\src\LaunchInterface1.java. Using fallback presentation compiler.
2026.03.02 13:15:46 INFO  no build target found for C:\Users\sman5\Desktop\Java\Interface\src\LaunchInterface1.java. Using fallback presentation compiler.
2026.03.02 13:15:46 INFO  no build target found for C:\Users\sman5\Desktop\Java\Interface\src\LaunchInterface1.java. Using fallback presentation compiler.
2026.03.02 13:15:47 INFO  no build target found for C:\Users\sman5\Desktop\Java\Interface\src\LaunchInterface1.java. Using fallback presentation compiler.
2026.03.02 13:15:47 INFO  no build target found for C:\Users\sman5\Desktop\Java\Interface\src\LaunchInterface1.java. Using fallback presentation compiler.
2026.03.02 13:15:47 INFO  no build target found for C:\Users\sman5\Desktop\Java\Interface\src\LaunchInterface1.java. Using fallback presentation compiler.
2026.03.02 13:15:47 INFO  no build target found for C:\Users\sman5\Desktop\Java\Interface\src\LaunchInterface1.java. Using fallback presentation compiler.
2026.03.02 13:15:47 INFO  no build target found for C:\Users\sman5\Desktop\Java\Interface\src\LaunchInterface1.java. Using fallback presentation compiler.
2026.03.02 13:15:47 INFO  no build target found for C:\Users\sman5\Desktop\Java\Interface\src\LaunchInterface1.java. Using fallback presentation compiler.
2026.03.02 13:15:47 INFO  no build target found for C:\Users\sman5\Desktop\Java\Interface\src\LaunchInterface1.java. Using fallback presentation compiler.
2026.03.02 13:15:48 INFO  no build target found for C:\Users\sman5\Desktop\Java\Interface\src\LaunchInterface1.java. Using fallback presentation compiler.
2026.03.02 13:15:48 WARN  no build target for: C:\Users\sman5\Desktop\Java\Interface\src\LaunchInterface1.java
2026.03.02 13:15:48 INFO  no build target found for C:\Users\sman5\Desktop\Java\Interface\src\LaunchInterface1.java. Using fallback presentation compiler.
2026.03.02 13:15:48 INFO  no build target found for C:\Users\sman5\Desktop\Java\Interface\src\LaunchInterface1.java. Using fallback presentation compiler.
2026.03.02 13:15:48 INFO  no build target found for C:\Users\sman5\Desktop\Java\Interface\src\LaunchInterface1.java. Using fallback presentation compiler.
2026.03.02 13:15:48 INFO  no build target found for C:\Users\sman5\Desktop\Java\Interface\src\LaunchInterface1.java. Using fallback presentation compiler.
2026.03.02 13:15:49 INFO  no build target found for C:\Users\sman5\Desktop\Java\Interface\src\LaunchInterface1.java. Using fallback presentation compiler.
2026.03.02 13:15:48 INFO  no build target found for C:\Users\sman5\Desktop\Java\Interface\src\LaunchInterface1.java. Using fallback presentation compiler.
2026.03.02 13:15:48 INFO  no build target found for C:\Users\sman5\Desktop\Java\Interface\src\LaunchInterface1.java. Using fallback presentation compiler.
2026.03.02 13:15:48 INFO  no build target found for C:\Users\sman5\Desktop\Java\Interface\src\LaunchInterface1.java. Using fallback presentation compiler.
2026.03.02 13:15:49 INFO  no build target found for C:\Users\sman5\Desktop\Java\Interface\src\LaunchInterface1.java. Using fallback presentation compiler.
2026.03.02 13:15:49 INFO  no build target found for C:\Users\sman5\Desktop\Java\Interface\src\LaunchInterface1.java. Using fallback presentation compiler.
2026.03.02 13:15:49 INFO  no build target found for C:\Users\sman5\Desktop\Java\Interface\src\LaunchInterface1.java. Using fallback presentation compiler.
2026.03.02 13:15:49 INFO  no build target found for C:\Users\sman5\Desktop\Java\Interface\src\LaunchInterface1.java. Using fallback presentation compiler.
2026.03.02 13:15:49 INFO  no build target found for C:\Users\sman5\Desktop\Java\Interface\src\LaunchInterface1.java. Using fallback presentation compiler.
2026.03.02 13:15:49 INFO  no build target found for C:\Users\sman5\Desktop\Java\Interface\src\LaunchInterface1.java. Using fallback presentation compiler.
2026.03.02 13:15:49 INFO  no build target found for C:\Users\sman5\Desktop\Java\Interface\src\LaunchInterface1.java. Using fallback presentation compiler.
2026.03.02 13:15:50 WARN  no build target for: C:\Users\sman5\Desktop\Java\Interface\src\LaunchInterface1.java
2026.03.02 13:15:50 INFO  no build target found for C:\Users\sman5\Desktop\Java\Interface\src\LaunchInterface1.java. Using fallback presentation compiler.
2026.03.02 13:15:50 INFO  no build target found for C:\Users\sman5\Desktop\Java\Interface\src\LaunchInterface1.java. Using fallback presentation compiler.
2026.03.02 13:15:50 INFO  no build target found for C:\Users\sman5\Desktop\Java\Interface\src\LaunchInterface1.java. Using fallback presentation compiler.
2026.03.02 13:15:51 INFO  no build target found for C:\Users\sman5\Desktop\Java\Interface\src\LaunchInterface1.java. Using fallback presentation compiler.
2026.03.02 13:15:51 WARN  no build target for: C:\Users\sman5\Desktop\Java\Interface\src\LaunchInterface1.java
2026.03.02 13:15:51 INFO  no build target found for C:\Users\sman5\Desktop\Java\Interface\src\LaunchInterface1.java. Using fallback presentation compiler.
2026.03.02 13:15:50 INFO  no build target found for C:\Users\sman5\Desktop\Java\Interface\src\LaunchInterface1.java. Using fallback presentation compiler.
2026.03.02 13:15:52 INFO  no build target found for C:\Users\sman5\Desktop\Java\Interface\src\LaunchInterface1.java. Using fallback presentation compiler.
2026.03.02 13:15:55 INFO  no build target found for C:\Users\sman5\Desktop\Java\Interface\src\LaunchInterface1.java. Using fallback presentation compiler.
2026.03.02 13:15:55 INFO  no build target found for C:\Users\sman5\Desktop\Java\Interface\src\LaunchInterface1.java. Using fallback presentation compiler.
2026.03.02 13:16:08 INFO  no build target found for C:\Users\sman5\Desktop\Java\Interface\src\LaunchInterface1.java. Using fallback presentation compiler.
2026.03.02 13:16:08 INFO  no build target found for C:\Users\sman5\Desktop\Java\Interface\src\LaunchInterface1.java. Using fallback presentation compiler.
2026.03.02 13:16:08 WARN  no build target for: C:\Users\sman5\Desktop\Java\Interface\src\LaunchInterface1.java
2026.03.02 13:16:08 INFO  no build target found for C:\Users\sman5\Desktop\Java\Interface\src\LaunchInterface1.java. Using fallback presentation compiler.
2026.03.02 13:16:22 INFO  no build target found for C:\Users\sman5\Desktop\Java\Interface\src\LaunchInterface1.java. Using fallback presentation compiler.
2026.03.02 13:16:22 INFO  no build target found for C:\Users\sman5\Desktop\Java\Interface\src\LaunchInterface1.java. Using fallback presentation compiler.
2026.03.02 13:16:22 INFO  no build target found for C:\Users\sman5\Desktop\Java\Interface\src\LaunchInterface1.java. Using fallback presentation compiler.
2026.03.02 13:16:22 INFO  no build target found for C:\Users\sman5\Desktop\Java\Interface\src\LaunchInterface1.java. Using fallback presentation compiler.
2026.03.02 13:16:23 INFO  no build target found for C:\Users\sman5\Desktop\Java\Interface\src\LaunchInterface1.java. Using fallback presentation compiler.
2026.03.02 13:16:23 INFO  no build target found for C:\Users\sman5\Desktop\Java\Interface\src\LaunchInterface1.java. Using fallback presentation compiler.
2026.03.02 13:16:23 INFO  no build target found for C:\Users\sman5\Desktop\Java\Interface\src\LaunchInterface1.java. Using fallback presentation compiler.
2026.03.02 13:16:23 INFO  no build target found for C:\Users\sman5\Desktop\Java\Interface\src\LaunchInterface1.java. Using fallback presentation compiler.
2026.03.02 13:16:23 INFO  no build target found for C:\Users\sman5\Desktop\Java\Interface\src\LaunchInterface1.java. Using fallback presentation compiler.
2026.03.02 13:16:24 INFO  no build target found for C:\Users\sman5\Desktop\Java\Interface\src\LaunchInterface1.java. Using fallback presentation compiler.
2026.03.02 13:16:24 INFO  no build target found for C:\Users\sman5\Desktop\Java\Interface\src\LaunchInterface1.java. Using fallback presentation compiler.
2026.03.02 13:16:24 WARN  no build target for: C:\Users\sman5\Desktop\Java\Interface\src\LaunchInterface1.java
2026.03.02 13:16:24 INFO  no build target found for C:\Users\sman5\Desktop\Java\Interface\src\LaunchInterface1.java. Using fallback presentation compiler.
2026.03.02 13:16:24 INFO  no build target found for C:\Users\sman5\Desktop\Java\Interface\src\LaunchInterface1.java. Using fallback presentation compiler.
2026.03.02 13:16:24 INFO  no build target found for C:\Users\sman5\Desktop\Java\Interface\src\LaunchInterface1.java. Using fallback presentation compiler.
2026.03.02 13:16:24 INFO  no build target found for C:\Users\sman5\Desktop\Java\Interface\src\LaunchInterface1.java. Using fallback presentation compiler.
Mar 02, 2026 1:16:25 PM org.eclipse.lsp4j.jsonrpc.RemoteEndpoint handleCancellation
WARNING: Unmatched cancel notification for request id 2219
2026.03.02 13:16:24 INFO  no build target found for C:\Users\sman5\Desktop\Java\Interface\src\LaunchInterface1.java. Using fallback presentation compiler.
2026.03.02 13:16:25 INFO  no build target found for C:\Users\sman5\Desktop\Java\Interface\src\LaunchInterface1.java. Using fallback presentation compiler.
2026.03.02 13:16:25 WARN  no build target for: C:\Users\sman5\Desktop\Java\Interface\src\LaunchInterface1.java
2026.03.02 13:16:25 INFO  no build target found for C:\Users\sman5\Desktop\Java\Interface\src\LaunchInterface1.java. Using fallback presentation compiler.
2026.03.02 13:16:26 INFO  no build target found for C:\Users\sman5\Desktop\Java\Interface\src\LaunchInterface1.java. Using fallback presentation compiler.
2026.03.02 13:16:26 INFO  no build target found for C:\Users\sman5\Desktop\Java\Interface\src\LaunchInterface1.java. Using fallback presentation compiler.
2026.03.02 13:16:27 INFO  no build target found for C:\Users\sman5\Desktop\Java\Interface\src\LaunchInterface1.java. Using fallback presentation compiler.
2026.03.02 13:16:27 INFO  no build target found for C:\Users\sman5\Desktop\Java\Interface\src\LaunchInterface1.java. Using fallback presentation compiler.
2026.03.02 13:16:27 INFO  no build target found for C:\Users\sman5\Desktop\Java\Interface\src\LaunchInterface1.java. Using fallback presentation compiler.
2026.03.02 13:16:27 INFO  no build target found for C:\Users\sman5\Desktop\Java\Interface\src\LaunchInterface1.java. Using fallback presentation compiler.
2026.03.02 13:16:30 INFO  no build target found for C:\Users\sman5\Desktop\Java\Interface\src\LaunchInterface1.java. Using fallback presentation compiler.
Mar 02, 2026 1:16:30 PM org.eclipse.lsp4j.jsonrpc.RemoteEndpoint handleCancellation
WARNING: Unmatched cancel notification for request id 2244
2026.03.02 13:16:35 INFO  no build target found for C:\Users\sman5\Desktop\Java\Interface\src\LaunchInterface1.java. Using fallback presentation compiler.
2026.03.02 13:16:37 INFO  no build target found for C:\Users\sman5\Desktop\Java\Interface\src\LaunchInterface1.java. Using fallback presentation compiler.
2026.03.02 13:16:37 INFO  no build target found for C:\Users\sman5\Desktop\Java\Interface\src\LaunchInterface1.java. Using fallback presentation compiler.
2026.03.02 13:16:37 INFO  no build target found for C:\Users\sman5\Desktop\Java\Interface\src\LaunchInterface1.java. Using fallback presentation compiler.
2026.03.02 13:16:38 WARN  no build target for: C:\Users\sman5\Desktop\Java\Interface\src\LaunchInterface1.java
2026.03.02 13:16:38 INFO  no build target found for C:\Users\sman5\Desktop\Java\Interface\src\LaunchInterface1.java. Using fallback presentation compiler.
2026.03.02 13:16:37 INFO  no build target found for C:\Users\sman5\Desktop\Java\Interface\src\LaunchInterface1.java. Using fallback presentation compiler.
2026.03.02 13:16:38 INFO  no build target found for C:\Users\sman5\Desktop\Java\Interface\src\LaunchInterface1.java. Using fallback presentation compiler.
2026.03.02 13:16:38 INFO  no build target found for C:\Users\sman5\Desktop\Java\Interface\src\LaunchInterface1.java. Using fallback presentation compiler.
2026.03.02 13:16:38 INFO  no build target found for C:\Users\sman5\Desktop\Java\Interface\src\LaunchInterface1.java. Using fallback presentation compiler.
2026.03.02 13:16:38 INFO  no build target found for C:\Users\sman5\Desktop\Java\Interface\src\LaunchInterface1.java. Using fallback presentation compiler.
2026.03.02 13:16:38 INFO  no build target found for C:\Users\sman5\Desktop\Java\Interface\src\LaunchInterface1.java. Using fallback presentation compiler.
2026.03.02 13:16:38 INFO  no build target found for C:\Users\sman5\Desktop\Java\Interface\src\LaunchInterface1.java. Using fallback presentation compiler.
2026.03.02 13:16:38 INFO  no build target found for C:\Users\sman5\Desktop\Java\Interface\src\LaunchInterface1.java. Using fallback presentation compiler.
2026.03.02 13:16:38 INFO  no build target found for C:\Users\sman5\Desktop\Java\Interface\src\LaunchInterface1.java. Using fallback presentation compiler.
2026.03.02 13:16:40 WARN  no build target for: C:\Users\sman5\Desktop\Java\Interface\src\LaunchInterface1.java
2026.03.02 13:16:40 INFO  no build target found for C:\Users\sman5\Desktop\Java\Interface\src\LaunchInterface1.java. Using fallback presentation compiler.
2026.03.02 13:16:51 INFO  no build target found for C:\Users\sman5\Desktop\Java\Interface\src\LaunchInterface1.java. Using fallback presentation compiler.
2026.03.02 13:16:51 INFO  no build target found for C:\Users\sman5\Desktop\Java\Interface\src\LaunchInterface1.java. Using fallback presentation compiler.
Mar 02, 2026 1:16:51 PM org.eclipse.lsp4j.jsonrpc.RemoteEndpoint handleCancellation
WARNING: Unmatched cancel notification for request id 2297
2026.03.02 13:16:52 INFO  no build target found for C:\Users\sman5\Desktop\Java\Interface\src\LaunchInterface1.java. Using fallback presentation compiler.
2026.03.02 13:16:52 INFO  no build target found for C:\Users\sman5\Desktop\Java\Interface\src\LaunchInterface1.java. Using fallback presentation compiler.
2026.03.02 13:16:53 WARN  no build target for: C:\Users\sman5\Desktop\Java\Interface\src\LaunchInterface1.java
2026.03.02 13:16:53 INFO  no build target found for C:\Users\sman5\Desktop\Java\Interface\src\LaunchInterface1.java. Using fallback presentation compiler.
2026.03.02 13:16:52 INFO  no build target found for C:\Users\sman5\Desktop\Java\Interface\src\LaunchInterface1.java. Using fallback presentation compiler.
2026.03.02 13:16:52 INFO  no build target found for C:\Users\sman5\Desktop\Java\Interface\src\LaunchInterface1.java. Using fallback presentation compiler.
2026.03.02 13:16:52 INFO  no build target found for C:\Users\sman5\Desktop\Java\Interface\src\LaunchInterface1.java. Using fallback presentation compiler.
2026.03.02 13:16:52 INFO  no build target found for C:\Users\sman5\Desktop\Java\Interface\src\LaunchInterface1.java. Using fallback presentation compiler.
2026.03.02 13:16:53 INFO  no build target found for C:\Users\sman5\Desktop\Java\Interface\src\LaunchInterface1.java. Using fallback presentation compiler.
2026.03.02 13:16:53 INFO  no build target found for C:\Users\sman5\Desktop\Java\Interface\src\LaunchInterface1.java. Using fallback presentation compiler.
2026.03.02 13:16:53 INFO  no build target found for C:\Users\sman5\Desktop\Java\Interface\src\LaunchInterface1.java. Using fallback presentation compiler.
2026.03.02 13:16:53 INFO  no build target found for C:\Users\sman5\Desktop\Java\Interface\src\LaunchInterface1.java. Using fallback presentation compiler.
2026.03.02 13:16:54 WARN  no build target for: C:\Users\sman5\Desktop\Java\Interface\src\LaunchInterface1.java
2026.03.02 13:16:54 INFO  no build target found for C:\Users\sman5\Desktop\Java\Interface\src\LaunchInterface1.java. Using fallback presentation compiler.
2026.03.02 13:16:53 INFO  no build target found for C:\Users\sman5\Desktop\Java\Interface\src\LaunchInterface1.java. Using fallback presentation compiler.
2026.03.02 13:16:55 INFO  no build target found for C:\Users\sman5\Desktop\Java\Interface\src\LaunchInterface1.java. Using fallback presentation compiler.
2026.03.02 13:16:56 INFO  no build target found for C:\Users\sman5\Desktop\Java\Interface\src\LaunchInterface1.java. Using fallback presentation compiler.
2026.03.02 13:16:56 INFO  no build target found for C:\Users\sman5\Desktop\Java\Interface\src\LaunchInterface1.java. Using fallback presentation compiler.
2026.03.02 13:16:56 WARN  Running javac-semanticdb failed for file:///C:/Users/sman5/Desktop/Java/Interface/src/LaunchInterface1.java. Output:

2026.03.02 13:16:56 INFO  no build target found for C:\Users\sman5\Desktop\Java\Interface\src\LaunchInterface1.java. Using fallback presentation compiler.
2026.03.02 13:16:56 WARN  no build target for: C:\Users\sman5\Desktop\Java\Interface\src\LaunchInterface1.java
2026.03.02 13:16:56 INFO  no build target found for C:\Users\sman5\Desktop\Java\Interface\src\LaunchInterface1.java. Using fallback presentation compiler.
2026.03.02 13:16:56 INFO  no build target found for C:\Users\sman5\Desktop\Java\Interface\src\LaunchInterface1.java. Using fallback presentation compiler.
2026.03.02 13:16:57 INFO  no build target found for C:\Users\sman5\Desktop\Java\Interface\src\LaunchInterface1.java. Using fallback presentation compiler.
2026.03.02 13:16:57 INFO  no build target found for C:\Users\sman5\Desktop\Java\Interface\src\LaunchInterface1.java. Using fallback presentation compiler.
2026.03.02 13:16:57 INFO  no build target found for C:\Users\sman5\Desktop\Java\Interface\src\LaunchInterface1.java. Using fallback presentation compiler.
2026.03.02 13:16:57 INFO  no build target found for C:\Users\sman5\Desktop\Java\Interface\src\LaunchInterface1.java. Using fallback presentation compiler.
2026.03.02 13:16:57 INFO  no build target found for C:\Users\sman5\Desktop\Java\Interface\src\LaunchInterface1.java. Using fallback presentation compiler.
2026.03.02 13:16:57 INFO  no build target found for C:\Users\sman5\Desktop\Java\Interface\src\LaunchInterface1.java. Using fallback presentation compiler.
2026.03.02 13:16:57 WARN  Running javac-semanticdb failed for file:///C:/Users/sman5/Desktop/Java/Interface/src/LaunchInterface1.java. Output:

2026.03.02 13:16:58 WARN  no build target for: C:\Users\sman5\Desktop\Java\Interface\src\LaunchInterface1.java
2026.03.02 13:16:58 INFO  no build target found for C:\Users\sman5\Desktop\Java\Interface\src\LaunchInterface1.java. Using fallback presentation compiler.
2026.03.02 13:16:57 INFO  no build target found for C:\Users\sman5\Desktop\Java\Interface\src\LaunchInterface1.java. Using fallback presentation compiler.
2026.03.02 13:16:57 INFO  no build target found for C:\Users\sman5\Desktop\Java\Interface\src\LaunchInterface1.java. Using fallback presentation compiler.
2026.03.02 13:16:58 INFO  no build target found for C:\Users\sman5\Desktop\Java\Interface\src\LaunchInterface1.java. Using fallback presentation compiler.
2026.03.02 13:16:58 WARN  Running javac-semanticdb failed for file:///C:/Users/sman5/Desktop/Java/Interface/src/LaunchInterface1.java. Output:

2026.03.02 13:16:58 INFO  no build target found for C:\Users\sman5\Desktop\Java\Interface\src\LaunchInterface1.java. Using fallback presentation compiler.
2026.03.02 13:16:58 WARN  no build target for: C:\Users\sman5\Desktop\Java\Interface\src\LaunchInterface1.java
2026.03.02 13:16:58 INFO  no build target found for C:\Users\sman5\Desktop\Java\Interface\src\LaunchInterface1.java. Using fallback presentation compiler.
2026.03.02 13:16:58 INFO  no build target found for C:\Users\sman5\Desktop\Java\Interface\src\LaunchInterface1.java. Using fallback presentation compiler.
2026.03.02 13:16:58 INFO  no build target found for C:\Users\sman5\Desktop\Java\Interface\src\LaunchInterface1.java. Using fallback presentation compiler.
2026.03.02 13:16:58 INFO  no build target found for C:\Users\sman5\Desktop\Java\Interface\src\LaunchInterface1.java. Using fallback presentation compiler.
2026.03.02 13:17:00 INFO  no build target found for C:\Users\sman5\Desktop\Java\Interface\src\LaunchInterface1.java. Using fallback presentation compiler.
2026.03.02 13:17:00 INFO  no build target found for C:\Users\sman5\Desktop\Java\Interface\src\LaunchInterface1.java. Using fallback presentation compiler.
2026.03.02 13:17:00 INFO  no build target found for C:\Users\sman5\Desktop\Java\Interface\src\LaunchInterface1.java. Using fallback presentation compiler.
2026.03.02 13:17:01 INFO  no build target found for C:\Users\sman5\Desktop\Java\Interface\src\LaunchInterface1.java. Using fallback presentation compiler.
2026.03.02 13:17:01 INFO  no build target found for C:\Users\sman5\Desktop\Java\Interface\src\LaunchInterface1.java. Using fallback presentation compiler.
2026.03.02 13:17:01 INFO  no build target found for C:\Users\sman5\Desktop\Java\Interface\src\LaunchInterface1.java. Using fallback presentation compiler.
2026.03.02 13:17:02 INFO  no build target found for C:\Users\sman5\Desktop\Java\Interface\src\LaunchInterface1.java. Using fallback presentation compiler.
2026.03.02 13:17:02 INFO  no build target found for C:\Users\sman5\Desktop\Java\Interface\src\LaunchInterface1.java. Using fallback presentation compiler.
2026.03.02 13:17:02 INFO  no build target found for C:\Users\sman5\Desktop\Java\Interface\src\LaunchInterface1.java. Using fallback presentation compiler.
2026.03.02 13:17:03 INFO  no build target found for C:\Users\sman5\Desktop\Java\Interface\src\LaunchInterface1.java. Using fallback presentation compiler.
2026.03.02 13:17:03 INFO  no build target found for C:\Users\sman5\Desktop\Java\Interface\src\LaunchInterface1.java. Using fallback presentation compiler.
2026.03.02 13:17:03 INFO  no build target found for C:\Users\sman5\Desktop\Java\Interface\src\LaunchInterface1.java. Using fallback presentation compiler.
2026.03.02 13:17:04 INFO  no build target found for C:\Users\sman5\Desktop\Java\Interface\src\LaunchInterface1.java. Using fallback presentation compiler.
2026.03.02 13:17:04 WARN  no build target for: C:\Users\sman5\Desktop\Java\Interface\src\LaunchInterface1.java
2026.03.02 13:17:04 INFO  no build target found for C:\Users\sman5\Desktop\Java\Interface\src\LaunchInterface1.java. Using fallback presentation compiler.
2026.03.02 13:17:03 INFO  no build target found for C:\Users\sman5\Desktop\Java\Interface\src\LaunchInterface1.java. Using fallback presentation compiler.
2026.03.02 13:17:04 INFO  no build target found for C:\Users\sman5\Desktop\Java\Interface\src\LaunchInterface1.java. Using fallback presentation compiler.
2026.03.02 13:17:04 INFO  no build target found for C:\Users\sman5\Desktop\Java\Interface\src\LaunchInterface1.java. Using fallback presentation compiler.
2026.03.02 13:17:05 INFO  no build target found for C:\Users\sman5\Desktop\Java\Interface\src\LaunchInterface1.java. Using fallback presentation compiler.
2026.03.02 13:17:05 WARN  no build target for: C:\Users\sman5\Desktop\Java\Interface\src\LaunchInterface1.java
2026.03.02 13:17:05 INFO  no build target found for C:\Users\sman5\Desktop\Java\Interface\src\LaunchInterface1.java. Using fallback presentation compiler.
2026.03.02 13:17:04 INFO  no build target found for C:\Users\sman5\Desktop\Java\Interface\src\LaunchInterface1.java. Using fallback presentation compiler.
2026.03.02 13:17:06 INFO  no build target found for C:\Users\sman5\Desktop\Java\Interface\src\LaunchInterface1.java. Using fallback presentation compiler.
2026.03.02 13:17:06 INFO  no build target found for C:\Users\sman5\Desktop\Java\Interface\src\LaunchInterface1.java. Using fallback presentation compiler.
2026.03.02 13:17:06 INFO  no build target found for C:\Users\sman5\Desktop\Java\Interface\src\LaunchInterface1.java. Using fallback presentation compiler.
2026.03.02 13:17:06 WARN  no build target for: C:\Users\sman5\Desktop\Java\Interface\src\LaunchInterface1.java
2026.03.02 13:17:06 INFO  no build target found for C:\Users\sman5\Desktop\Java\Interface\src\LaunchInterface1.java. Using fallback presentation compiler.
2026.03.02 13:17:06 INFO  no build target found for C:\Users\sman5\Desktop\Java\Interface\src\LaunchInterface1.java. Using fallback presentation compiler.
2026.03.02 13:17:07 INFO  no build target found for C:\Users\sman5\Desktop\Java\Interface\src\LaunchInterface1.java. Using fallback presentation compiler.
2026.03.02 13:17:07 INFO  no build target found for C:\Users\sman5\Desktop\Java\Interface\src\LaunchInterface1.java. Using fallback presentation compiler.
2026.03.02 13:17:07 INFO  no build target found for C:\Users\sman5\Desktop\Java\Interface\src\LaunchInterface1.java. Using fallback presentation compiler.
2026.03.02 13:17:08 INFO  no build target found for C:\Users\sman5\Desktop\Java\Interface\src\LaunchInterface1.java. Using fallback presentation compiler.
2026.03.02 13:17:08 WARN  Running javac-semanticdb failed for file:///C:/Users/sman5/Desktop/Java/Interface/src/LaunchInterface1.java. Output:

2026.03.02 13:17:08 INFO  no build target found for C:\Users\sman5\Desktop\Java\Interface\src\LaunchInterface1.java. Using fallback presentation compiler.
2026.03.02 13:17:08 INFO  no build target found for C:\Users\sman5\Desktop\Java\Interface\src\LaunchInterface1.java. Using fallback presentation compiler.
2026.03.02 13:17:09 WARN  no build target for: C:\Users\sman5\Desktop\Java\Interface\src\LaunchInterface1.java
2026.03.02 13:17:09 INFO  no build target found for C:\Users\sman5\Desktop\Java\Interface\src\LaunchInterface1.java. Using fallback presentation compiler.
2026.03.02 13:17:08 INFO  no build target found for C:\Users\sman5\Desktop\Java\Interface\src\LaunchInterface1.java. Using fallback presentation compiler.
2026.03.02 13:17:09 INFO  no build target found for C:\Users\sman5\Desktop\Java\Interface\src\LaunchInterface1.java. Using fallback presentation compiler.
2026.03.02 13:17:09 INFO  no build target found for C:\Users\sman5\Desktop\Java\Interface\src\LaunchInterface1.java. Using fallback presentation compiler.
2026.03.02 13:17:14 INFO  no build target found for C:\Users\sman5\Desktop\Java\Interface\src\LaunchInterface1.java. Using fallback presentation compiler.
2026.03.02 13:17:14 INFO  no build target found for C:\Users\sman5\Desktop\Java\Interface\src\LaunchInterface1.java. Using fallback presentation compiler.
2026.03.02 13:17:14 INFO  no build target found for C:\Users\sman5\Desktop\Java\Interface\src\LaunchInterface1.java. Using fallback presentation compiler.
2026.03.02 13:17:14 INFO  no build target found for C:\Users\sman5\Desktop\Java\Interface\src\LaunchInterface1.java. Using fallback presentation compiler.
2026.03.02 13:17:14 INFO  no build target found for C:\Users\sman5\Desktop\Java\Interface\src\LaunchInterface1.java. Using fallback presentation compiler.
2026.03.02 13:17:14 WARN  no build target for: C:\Users\sman5\Desktop\Java\Interface\src\LaunchInterface1.java
2026.03.02 13:17:15 INFO  no build target found for C:\Users\sman5\Desktop\Java\Interface\src\LaunchInterface1.java. Using fallback presentation compiler.
2026.03.02 13:17:15 INFO  no build target found for C:\Users\sman5\Desktop\Java\Interface\src\LaunchInterface1.java. Using fallback presentation compiler.
2026.03.02 13:17:15 INFO  no build target found for C:\Users\sman5\Desktop\Java\Interface\src\LaunchInterface1.java. Using fallback presentation compiler.
2026.03.02 13:17:16 INFO  no build target found for C:\Users\sman5\Desktop\Java\Interface\src\LaunchInterface1.java. Using fallback presentation compiler.
2026.03.02 13:17:16 WARN  no build target for: C:\Users\sman5\Desktop\Java\Interface\src\LaunchInterface1.java
2026.03.02 13:17:16 INFO  no build target found for C:\Users\sman5\Desktop\Java\Interface\src\LaunchInterface1.java. Using fallback presentation compiler.
2026.03.02 13:17:15 INFO  no build target found for C:\Users\sman5\Desktop\Java\Interface\src\LaunchInterface1.java. Using fallback presentation compiler.
2026.03.02 13:17:15 INFO  no build target found for C:\Users\sman5\Desktop\Java\Interface\src\LaunchInterface1.java. Using fallback presentation compiler.
2026.03.02 13:17:16 INFO  no build target found for C:\Users\sman5\Desktop\Java\Interface\src\LaunchInterface1.java. Using fallback presentation compiler.
2026.03.02 13:17:17 INFO  no build target found for C:\Users\sman5\Desktop\Java\Interface\src\LaunchInterface1.java. Using fallback presentation compiler.
2026.03.02 13:17:17 INFO  no build target found for C:\Users\sman5\Desktop\Java\Interface\src\LaunchInterface1.java. Using fallback presentation compiler.
2026.03.02 13:17:16 INFO  no build target found for C:\Users\sman5\Desktop\Java\Interface\src\LaunchInterface1.java. Using fallback presentation compiler.
2026.03.02 13:17:17 WARN  no build target for: C:\Users\sman5\Desktop\Java\Interface\src\LaunchInterface1.java
2026.03.02 13:17:16 INFO  no build target found for C:\Users\sman5\Desktop\Java\Interface\src\LaunchInterface1.java. Using fallback presentation compiler.
2026.03.02 13:17:44 INFO  no build target found for C:\Users\sman5\Desktop\Java\Interface\src\LaunchInterface1.java. Using fallback presentation compiler.
2026.03.02 13:17:44 INFO  no build target found for C:\Users\sman5\Desktop\Java\Interface\src\LaunchInterface1.java. Using fallback presentation compiler.
2026.03.02 13:17:45 WARN  no build target for: C:\Users\sman5\Desktop\Java\Interface\src\LaunchInterface1.java
2026.03.02 13:17:44 INFO  no build target found for C:\Users\sman5\Desktop\Java\Interface\src\LaunchInterface1.java. Using fallback presentation compiler.
Mar 02, 2026 1:19:40 PM org.eclipse.lsp4j.jsonrpc.services.GenericEndpoint notify
INFO: Unsupported notification method: $/setTrace
2026.03.02 13:19:59 WARN  no build target for: C:\Users\sman5\Desktop\Java\Interface\src\App.java
2026.03.02 13:19:59 INFO  no build target found for C:\Users\sman5\Desktop\Java\Interface\src\App.java. Using fallback presentation compiler.
2026.03.02 13:19:59 INFO  no build target found for C:\Users\sman5\Desktop\Java\Interface\src\App.java. Using fallback presentation compiler.
2026.03.02 13:20:00 INFO  no build target found for C:\Users\sman5\Desktop\Java\Interface\src\App.java. Using fallback presentation compiler.
2026.03.02 13:20:05 INFO  no build target found for C:\Users\sman5\Desktop\Java\Interface\src\App.java. Using fallback presentation compiler.
2026.03.02 13:20:40 INFO  no build target found for C:\Users\sman5\Desktop\Java\Interface\src\App.java. Using fallback presentation compiler.
2026.03.02 13:20:52 INFO  Shutting down server
2026.03.02 13:20:52 INFO  Memory monitor stopped
2026.03.02 13:20:52 INFO  shutting down Metals
2026.03.02 13:20:52 INFO  Exiting server
2026.03.02 13:21:43 INFO  Started: Metals version 1.6.5 in folders 'C:\Users\sman5\Desktop\Java\35_Interface' for client Visual Studio Code 1.109.5.
2026.03.02 13:21:44 INFO  time: initialize in 0.56s
2026.03.02 13:21:45 INFO  Memory monitor started
2026.03.02 13:22:03 WARN  Using H2 2.4.240 which is newer than the version Flyway has been verified with. The latest verified version of H2 is 2.3.232.
2026.03.02 13:22:07 INFO  no build target found for C:\Users\sman5\Desktop\Java\35_Interface\src\LaunchInterface1.java. Using fallback presentation compiler.
Mar 02, 2026 1:22:11 PM org.eclipse.lsp4j.jsonrpc.RemoteEndpoint handleCancellation
WARNING: Unmatched cancel notification for request id 2
2026.03.02 13:22:12 INFO  no build target found for C:\Users\sman5\Desktop\Java\35_Interface\src\LaunchInterface1.java. Using fallback presentation compiler.
2026.03.02 13:22:12 INFO  no build target found for C:\Users\sman5\Desktop\Java\35_Interface\src\LaunchInterface1.java. Using fallback presentation compiler.
2026.03.02 13:22:13 INFO  no build target found for C:\Users\sman5\Desktop\Java\35_Interface\src\LaunchInterface1.java. Using fallback presentation compiler.
2026.03.02 13:22:13 INFO  no build target found for C:\Users\sman5\Desktop\Java\35_Interface\src\LaunchInterface1.java. Using fallback presentation compiler.
Mar 02, 2026 1:22:14 PM org.eclipse.lsp4j.jsonrpc.RemoteEndpoint handleCancellation
WARNING: Unmatched cancel notification for request id 8
Mar 02, 2026 1:22:14 PM org.eclipse.lsp4j.jsonrpc.RemoteEndpoint handleCancellation
WARNING: Unmatched cancel notification for request id 9
Mar 02, 2026 1:22:14 PM org.eclipse.lsp4j.jsonrpc.RemoteEndpoint handleCancellation
WARNING: Unmatched cancel notification for request id 10
2026.03.02 13:22:14 INFO  no build target found for C:\Users\sman5\Desktop\Java\35_Interface\src\LaunchInterface1.java. Using fallback presentation compiler.
2026.03.02 13:22:14 WARN  no build tool detected in workspace 'C:\Users\sman5\Desktop\Java\35_Interface'. The most common cause for this problem is that the editor was opened in the wrong working directory, for example if you use sbt then the workspace directory should contain build.sbt. 
2026.03.02 13:22:15 WARN  Build server is not auto-connectable.
2026.03.02 13:22:15 WARN  no build target for: C:\Users\sman5\Desktop\Java\35_Interface\src\LaunchInterface1.java
2026.03.02 13:22:28 INFO  time: code lens generation in 13s
2026.03.02 13:22:28 INFO  time: code lens generation in 13s
2026.03.02 13:22:35 INFO  no build target found for C:\Users\sman5\Desktop\Java\35_Interface\src\LaunchInterface1.java. Using fallback presentation compiler.
2026.03.02 13:22:40 INFO  no build target found for C:\Users\sman5\Desktop\Java\35_Interface\src\LaunchInterface1.java. Using fallback presentation compiler.
2026.03.02 13:22:49 INFO  no build target found for C:\Users\sman5\Desktop\Java\35_Interface\src\LaunchInterface1.java. Using fallback presentation compiler.
2026.03.02 14:50:13 INFO  Shutting down server
2026.03.02 14:50:13 INFO  Memory monitor stopped
2026.03.02 14:50:13 INFO  shutting down Metals
2026.03.02 14:50:13 INFO  Exiting server
